id,site,url,categoria,criterio_selecao,data_selecao,status_verificacao,observacao,run,protocol,study_id,analysis_id,status,inicio_utc,fim_utc,duracao_linha_ms,duracao_analise_ms,elementos_coletados,elementos_avaliados,elementos_ignorados_relatorio,textos_com_motivo_exclusao_captura,score,achados,contraste,protanopia,deuteranopia,tritanopia,captura_disponivel,http_status,url_inicial_diagnostico,url_final_diagnostico,fase,error_code,error_message,causa_tipo,causa_mensagem,duracao_scanner_ms,coverage_height_px,altura_documento_px,truncamento,height_truncated,recursos_bloqueados_observados,redirects,motivos_qualidade
KC-001,Magazine Luiza,https://www.magazineluiza.com.br/,E-commerce,Seleção intencional por quota e diversidade de atividade. Varejo generalista; Grupo Magalu. Página inicial oficial preferencial; sem avaliação de acessibilidade.,2026-10-07,verificado_com_ressalva,Navegador confirmou ofertas e categorias públicas. HTTP 403; login opcional para conta e compra.,2,scanner-v2,338883f9-ec46-40f5-8e49-4bef7529a44e,853760d5-d4c0-41d9-9daf-f9f1d8d073cd,FAILED,2026-10-07T17:07:56.828036800Z,2026-10-07T17:08:01.436185100Z,4608,4021,,,,,,,,,,,false,403,https://www.magazineluiza.com.br/,https://www.magazineluiza.com.br/,NAVIGATION,INACCESSIBLE,Resposta HTTP 403.,,,3654,,,,,,[],[]
KC-002,Lupo,https://www.lupo.com.br/,E-commerce,Seleção intencional por quota e diversidade de atividade. Vestuário íntimo e meias; loja oficial de fabricante. Página inicial oficial preferencial; sem avaliação de acessibilidade.,2026-10-07,verificado,"Homepage oficial consultada na pesquisa web, com conteúdo público sem autenticação.",2,scanner-v2,338883f9-ec46-40f5-8e49-4bef7529a44e,2d1c8566-620d-43e0-a35d-6019311d3abe,COMPLETED,2026-10-07T17:08:01.684897400Z,2026-10-07T17:08:21.121104400Z,19435,18481,8,1,7,7,100,0,0,0,0,0,true,200,https://www.lupo.com.br/,https://www.lupo.com.br/,COMPLETE,,,,,11945,5724,5724,false,false,22,[],[]
KC-003,Americanas,https://www.americanas.com.br/,E-commerce,Seleção intencional por quota e diversidade de atividade. Varejo generalista e marketplace. Página inicial oficial preferencial; sem avaliação de acessibilidade.,2026-10-07,verificado,"Homepage oficial consultada na pesquisa web, com conteúdo público sem autenticação.",2,scanner-v2,338883f9-ec46-40f5-8e49-4bef7529a44e,3ec33c71-9996-4ca8-ac23-d882d3f5d4f3,FAILED,2026-10-07T17:08:21.372665200Z,2026-10-07T17:08:39.691714200Z,18325,17593,46,,,8,,,,,,,true,200,https://www.americanas.com.br/,https://www.americanas.com.br/,QUALITY,QUALITY,Captura sem cobertura textual confiável: CONTENT_NOT_STABLE,,,17253,12000,30665,true,true,42,[],"[""CONTENT_NOT_STABLE""]"
KC-004,TerabyteShop,https://www.terabyteshop.com.br/,E-commerce,Seleção intencional por quota e diversidade de atividade. Hardware e informática. Página inicial oficial preferencial; sem avaliação de acessibilidade.,2026-10-07,verificado_com_ressalva,"Homepage oficial consultada na pesquisa web, com conteúdo público sem autenticação. Consulta HTTP: 403; confirmação pelo conteúdo da pesquisa web.",2,scanner-v2,338883f9-ec46-40f5-8e49-4bef7529a44e,edea3e09-067c-4443-9965-792655e121be,FAILED,2026-10-07T17:08:39.931145800Z,2026-10-07T17:08:43.108965200Z,3171,2671,,,,,,,,,,,false,403,https://www.terabyteshop.com.br/,https://www.terabyteshop.com.br/,NAVIGATION,INACCESSIBLE,Resposta HTTP 403.,,,2351,,,,,,[],[]
KC-005,Tramontina Store,https://www.tramontina.com.br/,E-commerce,Seleção intencional por quota e diversidade de atividade. Utilidades domésticas e ferramentas; loja oficial de fabricante. Página inicial oficial preferencial; sem avaliação de acessibilidade.,2026-10-07,verificado,"Homepage oficial consultada na pesquisa web, com conteúdo público sem autenticação.",2,scanner-v2,338883f9-ec46-40f5-8e49-4bef7529a44e,0be4ccc8-63ba-4368-b56f-cd44e048ccb1,FAILED,2026-10-07T17:08:43.349769800Z,2026-10-07T17:09:11.323089200Z,27977,26992,319,,,23,,,,,,,true,200,https://www.tramontina.com.br/,https://www.tramontina.com.br/,QUALITY,QUALITY,Captura sem cobertura textual confiável: NO_VISIBLE_TEXT_AT_READINESS,,,26549,7744,7744,true,false,39,[],"[""NO_VISIBLE_TEXT_AT_READINESS""]"
KC-006,Natura,https://www.natura.com.br/,E-commerce,Seleção intencional por quota e diversidade de atividade. Cosméticos e perfumaria; loja oficial. Página inicial oficial preferencial; sem avaliação de acessibilidade.,2026-10-07,verificado,"Homepage oficial consultada na pesquisa web, com conteúdo público sem autenticação.",2,scanner-v2,338883f9-ec46-40f5-8e49-4bef7529a44e,abc2af63-6f79-463c-a62b-ec01903a3b0b,FAILED,2026-10-07T17:09:11.570922600Z,2026-10-07T17:09:20.741217200Z,9170,8425,63,,,12,,,,,,,true,200,https://www.natura.com.br/,https://www.natura.com.br/,CLEANUP,BROWSER,Falha ao liberar recursos após a captura.,com.microsoft.playwright.impl.TargetClosedError,"Target page, context or browser has been closed",8085,4207,4207,true,false,2,[],[]
KC-007,Leroy Merlin Brasil,https://www.leroymerlin.com.br/,E-commerce,Seleção intencional por quota e diversidade de atividade. Materiais de construção; grupo ADEO. Página inicial oficial preferencial; sem avaliação de acessibilidade.,2026-10-07,verificado_com_ressalva,"Homepage oficial consultada na pesquisa web, com conteúdo público sem autenticação. Consulta HTTP: 403; confirmação pelo conteúdo da pesquisa web.",2,scanner-v2,338883f9-ec46-40f5-8e49-4bef7529a44e,ee511fcc-0a8d-4a79-a36c-5366a1f62901,FAILED,2026-10-07T17:09:21.006388900Z,2026-10-07T17:09:23.599351200Z,2592,2097,,,,,,,,,,,false,403,https://www.leroymerlin.com.br/,https://www.leroymerlin.com.br/,NAVIGATION,INACCESSIBLE,Resposta HTTP 403.,,,1769,,,,,,[],[]
KC-008,MadeiraMadeira,https://www.madeiramadeira.com.br/,E-commerce,Seleção intencional por quota e diversidade de atividade. Móveis e decoração. Página inicial oficial preferencial; sem avaliação de acessibilidade.,2026-10-07,verificado,"Homepage oficial consultada na pesquisa web, com conteúdo público sem autenticação.",2,scanner-v2,338883f9-ec46-40f5-8e49-4bef7529a44e,5515bac1-406d-4ff3-937a-53dde76b0be9,COMPLETED,2026-10-07T17:09:23.934431200Z,2026-10-07T17:09:51.537177100Z,27602,26277,75,75,0,0,84,12,12,0,0,0,true,200,https://www.madeiramadeira.com.br/,https://www.madeiramadeira.com.br/,COMPLETE,,,,,15764,6010,6010,true,false,45,[],[]
KC-009,Cobasi,https://www.cobasi.com.br/,E-commerce,Seleção intencional por quota e diversidade de atividade. Produtos para animais; somente uma marca do grupo. Página inicial oficial preferencial; sem avaliação de acessibilidade.,2026-10-07,verificado,"Homepage oficial consultada na pesquisa web, com conteúdo público sem autenticação.",2,scanner-v2,338883f9-ec46-40f5-8e49-4bef7529a44e,f0bd4282-d47a-46db-8f1a-306c246c3354,COMPLETED,2026-10-07T17:09:51.789612400Z,2026-10-07T17:10:38.088105400Z,46299,41818,390,390,0,0,79,81,81,0,0,0,true,200,https://www.cobasi.com.br/,https://www.cobasi.com.br/,COMPLETE,,,,,15897,7911,7911,true,false,23,[],[]
KC-010,Le Postiche,https://www.lepostiche.com.br/,E-commerce,"Seleção intencional por quota e diversidade de atividade. Bolsas, mochilas e artigos de viagem. Página inicial oficial preferencial; sem avaliação de acessibilidade.",2026-10-07,verificado,"Homepage oficial consultada na pesquisa web, com conteúdo público sem autenticação.",2,scanner-v2,338883f9-ec46-40f5-8e49-4bef7529a44e,6f7cb6cc-dafb-4df8-a44b-ac6d807a3e97,COMPLETED,2026-10-07T17:10:38.341638300Z,2026-10-07T17:10:57.895043500Z,19550,18226,123,123,0,0,90,12,12,0,0,0,true,200,https://www.lepostiche.com.br/,https://www.lepostiche.com.br/,COMPLETE,,,,,8988,5182,5182,true,false,19,[],[]
KC-011,Centauro,https://www.centauro.com.br/,E-commerce,Seleção intencional por quota e diversidade de atividade. Artigos esportivos; Grupo SBF. Página inicial oficial preferencial; sem avaliação de acessibilidade.,2026-10-07,verificado_com_ressalva,"Homepage oficial consultada na pesquisa web, com conteúdo público sem autenticação. Consulta HTTP: 403; confirmação pelo conteúdo da pesquisa web.",2,scanner-v2,338883f9-ec46-40f5-8e49-4bef7529a44e,71643166-b5d1-49b7-8ba4-71ae54d41ad2,FAILED,2026-10-07T17:10:58.150072700Z,2026-10-07T17:11:00.982540800Z,2845,2352,,,,,,,,,,,false,403,https://www.centauro.com.br/,https://www.centauro.com.br/,NAVIGATION,INACCESSIBLE,Resposta HTTP 403.,,,2021,,,,,,[],[]
KC-012,Lojas Renner,https://www.lojasrenner.com.br/,E-commerce,Seleção intencional por quota e diversidade de atividade. Moda e vestuário. Página inicial oficial preferencial; sem avaliação de acessibilidade.,2026-10-07,verificado,"Homepage oficial consultada na pesquisa web, com conteúdo público sem autenticação.",2,scanner-v2,338883f9-ec46-40f5-8e49-4bef7529a44e,963decb9-50a1-4216-8170-d972ed0f7ce0,FAILED,2026-10-07T17:11:01.327229700Z,2026-10-07T17:11:13.093255Z,11766,11018,68,,,0,,,,,,,true,200,https://www.lojasrenner.com.br/,https://www.lojasrenner.com.br/,QUALITY,QUALITY,Captura sem cobertura textual confiável: CONTENT_NOT_STABLE,,,10679,3799,3799,true,false,33,[],"[""CONTENT_NOT_STABLE""]"
KC-013,C&A Brasil,https://www.cea.com.br/,E-commerce,Seleção intencional por quota e diversidade de atividade. Moda e vestuário. Página inicial oficial preferencial; sem avaliação de acessibilidade.,2026-10-07,verificado,Homepage oficial respondeu HTTP 200 com HTML e identificação da organização; consulta sem autenticação.,2,scanner-v2,338883f9-ec46-40f5-8e49-4bef7529a44e,ebfd8972-e12a-4d8f-8df2-043646cc7ef7,COMPLETED,2026-10-07T17:11:13.344438500Z,2026-10-07T17:11:43.154899500Z,29805,28572,425,425,0,0,100,1,0,0,0,1,true,200,https://www.cea.com.br/,https://www.cea.com.br/,COMPLETE,,,,,13664,12000,14997,true,true,41,[],[]
KC-014,Bagaggio,https://www.bagaggio.com.br/,E-commerce,Seleção intencional por quota e diversidade de atividade. Malas e acessórios de viagem; varejista especializado. Página inicial oficial preferencial; sem avaliação de acessibilidade.,2026-10-07,verificado,"Homepage oficial consultada na pesquisa web, com conteúdo público sem autenticação.",2,scanner-v2,338883f9-ec46-40f5-8e49-4bef7529a44e,af6511d8-bf26-460b-a8d0-12567cd8e9f4,FAILED,2026-10-07T17:11:43.411480700Z,2026-10-07T17:11:54.830217700Z,11419,10621,113,,,1,,,,,,,true,200,https://www.bagaggio.com.br/,https://www.bagaggio.com.br/,QUALITY,QUALITY,Captura sem cobertura textual confiável: CONTENT_NOT_STABLE,,,10281,2294,2294,true,false,28,[],"[""CONTENT_NOT_STABLE""]"
KC-015,Havan,https://www.havan.com.br/,E-commerce,Seleção intencional por quota e diversidade de atividade. Varejo de departamentos. Página inicial oficial preferencial; sem avaliação de acessibilidade.,2026-10-07,verificado,"Homepage oficial consultada na pesquisa web, com conteúdo público sem autenticação.",2,scanner-v2,338883f9-ec46-40f5-8e49-4bef7529a44e,2beedb51-9e69-418e-a943-d00cf4891c94,COMPLETED,2026-10-07T17:11:55.081966700Z,2026-10-07T17:12:12.230461300Z,17151,15777,162,160,2,2,93,13,12,0,0,1,true,200,https://www.havan.com.br/,https://www.havan.com.br/,COMPLETE,,,,,10265,2503,2503,true,false,12,[],[]
KC-016,Drogaria Araujo,https://www.araujo.com.br/,E-commerce,Seleção intencional por quota e diversidade de atividade. Farmácia e varejo de saúde; organização de origem mineira. Página inicial oficial preferencial; sem avaliação de acessibilidade.,2026-10-07,verificado_com_ressalva,Homepage pública confirmada em pesquisa oficial (1555 linhas). Consultas posteriores retornaram 403; disponibilidade variável.,2,scanner-v2,338883f9-ec46-40f5-8e49-4bef7529a44e,9ce17a08-0a88-4ea3-bc64-35c2fe64bc30,FAILED,2026-10-07T17:12:12.513748Z,2026-10-07T17:12:14.931682800Z,2418,1895,,,,,,,,,,,false,403,https://www.araujo.com.br/,https://www.araujo.com.br/,NAVIGATION,INACCESSIBLE,Resposta HTTP 403.,,,1566,,,,,,[],[]
KC-017,Panvel,https://www.panvel.com/,E-commerce,Seleção intencional por quota e diversidade de atividade. Farmácia; Grupo Dimed. Página inicial oficial preferencial; sem avaliação de acessibilidade.,2026-10-07,verificado_com_ressalva,"Homepage oficial consultada na pesquisa web, com conteúdo público sem autenticação. Consulta HTTP: 403; confirmação pelo conteúdo da pesquisa web.",2,scanner-v2,338883f9-ec46-40f5-8e49-4bef7529a44e,563af0e5-6b6e-4fa4-8255-26aba8ec53dd,FAILED,2026-10-07T17:12:15.261979600Z,2026-10-07T17:12:17.649430800Z,2387,1903,,,,,,,,,,,false,403,https://www.panvel.com/,https://www.panvel.com/,NAVIGATION,INACCESSIBLE,Resposta HTTP 403.,,,1583,,,,,,[],[]
KC-018,Livraria da Travessa,https://www.travessa.com.br/,E-commerce,Seleção intencional por quota e diversidade de atividade. Livros e publicações. Página inicial oficial preferencial; sem avaliação de acessibilidade.,2026-10-07,verificado,"Homepage oficial consultada na pesquisa web, com conteúdo público sem autenticação.",2,scanner-v2,338883f9-ec46-40f5-8e49-4bef7529a44e,9647cca8-14ef-4aeb-9af7-5d031c90f40f,COMPLETED,2026-10-07T17:12:17.986532100Z,2026-10-07T17:12:41.194497300Z,23222,21844,171,170,1,1,88,20,20,0,0,0,true,200,https://www.travessa.com.br/,https://www.travessa.com.br/,COMPLETE,,,,,12019,5568,5568,true,false,15,[],[]
KC-019,Kalunga,https://www.kalunga.com.br/,E-commerce,Seleção intencional por quota e diversidade de atividade. Papelaria e suprimentos. Página inicial oficial preferencial; sem avaliação de acessibilidade.,2026-10-07,verificado,"Homepage oficial consultada na pesquisa web, com conteúdo público sem autenticação.",2,scanner-v2,338883f9-ec46-40f5-8e49-4bef7529a44e,3f2d1852-da64-4f00-8f85-a70e4936eb8d,COMPLETED,2026-10-07T17:12:41.444303600Z,2026-10-07T17:12:52.771267300Z,11313,10213,161,146,15,15,99,1,1,0,0,0,true,200,https://www.kalunga.com.br/,https://www.kalunga.com.br/,COMPLETE,,,,,7320,2928,2928,true,false,8,[],[]
KC-020,Wine,https://www.wine.com.br/,E-commerce,Seleção intencional por quota e diversidade de atividade. Vinhos e bebidas; página pública da loja. Página inicial oficial preferencial; sem avaliação de acessibilidade.,2026-10-07,verificado,"Homepage oficial consultada na pesquisa web, com conteúdo público sem autenticação.",2,scanner-v2,338883f9-ec46-40f5-8e49-4bef7529a44e,426c76bc-3aea-4a60-a459-65f618fa384f,COMPLETED,2026-10-07T17:12:53.034636800Z,2026-10-07T17:13:41.475726200Z,48441,45954,354,346,8,8,87,48,46,0,2,0,true,200,https://www.wine.com.br/,https://www.wine.com.br/,COMPLETE,,,,,33858,5486,5486,true,false,53,[],[]
KC-021,Universidade de São Paulo,https://www5.usp.br/,Educação,Seleção intencional por quota e diversidade de atividade. Universidade pública estadual; Sudeste. Página inicial oficial preferencial; sem avaliação de acessibilidade.,2026-10-07,verificado,"Homepage oficial consultada na pesquisa web, com conteúdo público sem autenticação.",2,scanner-v2,338883f9-ec46-40f5-8e49-4bef7529a44e,aa713a48-46b3-4a52-85a3-9e15d513ed89,FAILED,2026-10-07T17:13:41.750439800Z,2026-10-07T17:13:47.383089Z,5634,5138,,,,,,,,,,,false,500,https://www5.usp.br/,https://www5.usp.br/,NAVIGATION,INACCESSIBLE,Resposta HTTP 500.,,,4808,,,,,,[],[]
KC-022,Universidade Estadual de Campinas,https://www.unicamp.br/,Educação,Seleção intencional por quota e diversidade de atividade. Universidade pública estadual; Sudeste. Página inicial oficial preferencial; sem avaliação de acessibilidade.,2026-10-07,verificado,"Homepage oficial consultada na pesquisa web, com conteúdo público sem autenticação.",2,scanner-v2,338883f9-ec46-40f5-8e49-4bef7529a44e,5e9a3653-7204-4519-9968-70347dd13c98,FAILED,2026-10-07T17:13:47.718314800Z,2026-10-07T17:14:21.946860Z,34228,33398,146,,,6,,,,,,,true,200,https://www.unicamp.br/,https://www.unicamp.br/,QUALITY,QUALITY,Captura sem cobertura textual confiável: CONTENT_NOT_STABLE,,,32954,6611,6611,true,false,7,[],"[""CONTENT_NOT_STABLE""]"
KC-023,Universidade Federal do Rio de Janeiro,https://ufrj.br/,Educação,Seleção intencional por quota e diversidade de atividade. Universidade pública federal; Sudeste. Página inicial oficial preferencial; sem avaliação de acessibilidade.,2026-10-07,verificado_com_ressalva,HTTP com Accept-Language pt-BR retornou português; consulta web exibiu inglês. Revisar idioma na execução futura.,2,scanner-v2,338883f9-ec46-40f5-8e49-4bef7529a44e,1daa361f-6ea2-4c8c-b177-8fd77ec1c87c,COMPLETED,2026-10-07T17:14:22.195696900Z,2026-10-07T17:14:50.034194800Z,27839,26523,109,107,2,2,100,0,0,0,0,0,true,200,https://ufrj.br/,https://ufrj.br/,COMPLETE,,,,,8585,7455,7455,true,false,2,[],[]
KC-024,Universidade Federal de Minas Gerais,https://www.ufmg.br/,Educação,Seleção intencional por quota e diversidade de atividade. Universidade pública federal; Sudeste. Página inicial oficial preferencial; sem avaliação de acessibilidade.,2026-10-07,verificado,"Homepage oficial consultada na pesquisa web, com conteúdo público sem autenticação.",2,scanner-v2,338883f9-ec46-40f5-8e49-4bef7529a44e,8b6db1f7-e18a-439a-9661-5665ee631d72,COMPLETED,2026-10-07T17:14:50.436714Z,2026-10-07T17:15:34.996302300Z,44560,42860,179,137,42,42,91,12,12,0,0,0,true,200,https://www.ufmg.br/,https://www.ufmg.br/,COMPLETE,,,,,30481,7140,7140,true,false,0,[],[]
KC-025,Universidade Federal do Rio Grande do Sul,https://www.ufrgs.br/,Educação,Seleção intencional por quota e diversidade de atividade. Universidade pública federal; Sul. Página inicial oficial preferencial; sem avaliação de acessibilidade.,2026-10-07,verificado,Homepage oficial respondeu HTTP 200 com HTML e identificação da organização; consulta sem autenticação. Redirecionamento observado: https://www.ufrgs.br/site/.,2,scanner-v2,338883f9-ec46-40f5-8e49-4bef7529a44e,92ec379c-217c-44be-91e4-0215776b5310,COMPLETED,2026-10-07T17:15:35.255380700Z,2026-10-07T17:16:07.383990600Z,32127,30586,124,124,0,0,86,17,17,0,0,0,true,200,https://www.ufrgs.br/,https://www.ufrgs.br/site/,COMPLETE,,,,,16459,5192,5192,true,false,3,"[""https://www.ufrgs.br/site"", ""https://www.ufrgs.br/site/""]",[]
KC-026,Universidade Federal da Bahia,https://ufba.br/,Educação,Seleção intencional por quota e diversidade de atividade. Universidade pública federal; Nordeste. Página inicial oficial preferencial; sem avaliação de acessibilidade.,2026-10-07,verificado,"Homepage oficial consultada na pesquisa web, com conteúdo público sem autenticação.",2,scanner-v2,338883f9-ec46-40f5-8e49-4bef7529a44e,4769a501-4719-4da1-bd5b-82a918f33799,COMPLETED,2026-10-07T17:16:07.650743900Z,2026-10-07T17:17:04.039943100Z,56389,55063,146,122,24,24,87,16,16,0,0,0,true,200,https://ufba.br/,https://ufba.br/,COMPLETE,,,,,38786,12000,12307,true,true,53,[],[]
KC-027,Universidade Federal do Rio Grande do Norte,https://www.ufrn.br/,Educação,Seleção intencional por quota e diversidade de atividade. Universidade pública federal; Nordeste. Página inicial oficial preferencial; sem avaliação de acessibilidade.,2026-10-07,verificado,"Homepage oficial consultada na pesquisa web, com conteúdo público sem autenticação.",2,scanner-v2,338883f9-ec46-40f5-8e49-4bef7529a44e,b46a623f-fe2d-42a0-9652-693283d8f44b,COMPLETED,2026-10-07T17:17:04.296393300Z,2026-10-07T17:17:30.347552Z,26051,22968,155,127,28,28,95,6,6,0,0,0,true,200,https://www.ufrn.br/,https://www.ufrn.br/,COMPLETE,,,,,17546,2872,2872,true,false,0,[],[]
KC-028,Universidade Federal do Ceará,https://www.ufc.br/pt,Educação,Seleção intencional por quota e diversidade de atividade. Universidade pública federal; Nordeste. Página inicial oficial preferencial; sem avaliação de acessibilidade.,2026-10-07,verificado,"Homepage oficial consultada na pesquisa web, com conteúdo público sem autenticação.",2,scanner-v2,338883f9-ec46-40f5-8e49-4bef7529a44e,944714a9-cd16-4585-88be-50b25e6ec1f1,COMPLETED,2026-10-07T17:17:30.693815Z,2026-10-07T17:18:21.180028500Z,50486,43915,162,162,0,0,49,82,82,0,0,0,true,200,https://www.ufc.br/pt,https://www.ufc.br/pt,COMPLETE,,,,,23274,4899,4899,true,false,2,[],[]
KC-029,Universidade Federal do Pará,https://ufpa.br/,Educação,Seleção intencional por quota e diversidade de atividade. Universidade pública federal; Norte. Página inicial oficial preferencial; sem avaliação de acessibilidade.,2026-10-07,verificado,"Homepage oficial consultada na pesquisa web, com conteúdo público sem autenticação.",2,scanner-v2,338883f9-ec46-40f5-8e49-4bef7529a44e,1ac75209-dbae-4700-86fe-4cca7f0ea36c,COMPLETED,2026-10-07T17:18:21.438499800Z,2026-10-07T17:18:52.477023700Z,31029,29603,98,97,1,1,84,16,16,0,0,0,true,200,https://ufpa.br/,https://ufpa.br/,COMPLETE,,,,,22653,4358,4358,true,false,2,[],[]
KC-030,Universidade de Brasília,https://www.unb.br/,Educação,Seleção intencional por quota e diversidade de atividade. Universidade pública federal; Centro-Oeste. Página inicial oficial preferencial; sem avaliação de acessibilidade.,2026-10-07,verificado,"Homepage oficial consultada na pesquisa web, com conteúdo público sem autenticação.",2,scanner-v2,338883f9-ec46-40f5-8e49-4bef7529a44e,41890696-fef2-48c4-bd38-2ac2a9a303a8,COMPLETED,2026-10-07T17:18:52.743241900Z,2026-10-07T17:19:08.821144800Z,16077,14905,154,146,8,8,99,2,2,0,0,0,true,200,https://www.unb.br/,https://www.unb.br/,COMPLETE,,,,,10757,2926,2926,true,false,7,[],[]
KC-031,PUC-Rio,https://www.puc-rio.br/,Educação,Seleção intencional por quota e diversidade de atividade. Universidade privada comunitária; Sudeste. Página inicial oficial preferencial; sem avaliação de acessibilidade.,2026-10-07,verificado,"Homepage oficial consultada na pesquisa web, com conteúdo público sem autenticação.",2,scanner-v2,338883f9-ec46-40f5-8e49-4bef7529a44e,500ba588-30c6-41ef-b56b-e70ce1c3e36c,COMPLETED,2026-10-07T17:19:09.103672Z,2026-10-07T17:19:44.027263500Z,34919,33301,78,76,2,2,93,5,5,0,0,0,true,200,https://www.puc-rio.br/,https://www.puc-rio.br/,COMPLETE,,,,,28668,2966,2966,true,false,54,[],[]
KC-032,Universidade Presbiteriana Mackenzie,https://www.mackenzie.br/,Educação,Seleção intencional por quota e diversidade de atividade. Universidade privada; Sudeste. Página inicial oficial preferencial; sem avaliação de acessibilidade.,2026-10-07,verificado,"Homepage oficial consultada na pesquisa web, com conteúdo público sem autenticação.",2,scanner-v2,338883f9-ec46-40f5-8e49-4bef7529a44e,13d966db-6524-4ea1-a328-430168877b20,COMPLETED,2026-10-07T17:19:44.279957Z,2026-10-07T17:20:34.297681800Z,50028,48163,328,77,251,251,73,21,21,0,0,0,true,200,https://www.mackenzie.br/,https://www.mackenzie.br/,COMPLETE,,,,,38850,5407,5407,true,false,12,[],[]
KC-033,FECAP,https://www.fecap.br/,Educação,Seleção intencional por quota e diversidade de atividade. Instituição privada sem fins lucrativos; educação básica e superior; Sudeste. Página inicial oficial preferencial; sem avaliação de acessibilidade.,2026-10-07,verificado,"Homepage oficial consultada na pesquisa web, com conteúdo público sem autenticação.",2,scanner-v2,338883f9-ec46-40f5-8e49-4bef7529a44e,4d331576-acb0-4481-847b-b974b8b9443a,COMPLETED,2026-10-07T17:20:34.568875500Z,2026-10-07T17:20:46.545118300Z,11974,10800,145,113,32,32,97,3,3,0,0,0,true,200,https://www.fecap.br/,https://www.fecap.br/,COMPLETE,,,,,4406,5275,5275,true,false,1,[],[]
KC-034,Universidade Cruzeiro do Sul,https://www.cruzeirodosul.edu.br/,Educação,Seleção intencional por quota e diversidade de atividade. Universidade privada; ensino presencial e a distância; Sudeste. Página inicial oficial preferencial; sem avaliação de acessibilidade.,2026-10-07,verificado,"Homepage oficial consultada na pesquisa web, com conteúdo público sem autenticação.",2,scanner-v2,338883f9-ec46-40f5-8e49-4bef7529a44e,dbe3acbf-a8bb-4ac7-8a45-4561761e7b27,FAILED,2026-10-07T17:20:46.797539100Z,2026-10-07T17:20:49.750239400Z,2954,2463,,,,,,,,,,,false,403,https://www.cruzeirodosul.edu.br/,https://www.cruzeirodosul.edu.br/,NAVIGATION,INACCESSIBLE,Resposta HTTP 403.,,,2101,,,,,,[],[]
KC-035,ESPM,https://www.espm.br/,Educação,Seleção intencional por quota e diversidade de atividade. Instituição privada de ensino em comunicação e negócios. Página inicial oficial preferencial; sem avaliação de acessibilidade.,2026-10-07,verificado_com_ressalva,"Homepage oficial consultada na pesquisa web, com conteúdo público sem autenticação. Consulta HTTP: 403; confirmação pelo conteúdo da pesquisa web.",2,scanner-v2,338883f9-ec46-40f5-8e49-4bef7529a44e,cc141d4f-79c2-4265-bd99-d3120380ae16,FAILED,2026-10-07T17:20:50.140858700Z,2026-10-07T17:21:24.603462Z,34453,33625,94,,,5,,,,,,,true,200,https://www.espm.br/,https://www.espm.br/,QUALITY,QUALITY,Captura sem cobertura textual confiável: NO_VISIBLE_TEXT_AT_READINESS,,,33282,4248,4248,true,false,87,[],"[""NO_VISIBLE_TEXT_AT_READINESS""]"
KC-036,Instituto Federal do Ceará,https://portal.ifce.edu.br/,Educação,Seleção intencional por quota e diversidade de atividade. Instituto federal; educação profissional; Nordeste. Página inicial oficial preferencial; sem avaliação de acessibilidade.,2026-10-07,verificado,"Homepage oficial consultada na pesquisa web, com conteúdo público sem autenticação.",2,scanner-v2,338883f9-ec46-40f5-8e49-4bef7529a44e,8690ad2f-b2aa-4a43-9c00-38fecfc33eaa,COMPLETED,2026-10-07T17:21:24.860108700Z,2026-10-07T17:21:55.811364800Z,30940,28956,287,283,4,4,83,47,47,0,0,0,true,200,https://portal.ifce.edu.br/,https://portal.ifce.edu.br/,COMPLETE,,,,,8560,8470,8470,true,false,2,[],[]
KC-037,Universidade Tecnológica Federal do Paraná,https://www.utfpr.edu.br/,Educação,Seleção intencional por quota e diversidade de atividade. Educação superior tecnológica pública; Sul. Página inicial oficial preferencial; sem avaliação de acessibilidade.,2026-10-07,verificado,"Homepage oficial consultada na pesquisa web, com conteúdo público sem autenticação.",2,scanner-v2,338883f9-ec46-40f5-8e49-4bef7529a44e,84ff3404-3a41-4934-b40f-c464cae52bff,COMPLETED,2026-10-07T17:21:56.075346900Z,2026-10-07T17:22:17.100029Z,21024,19874,88,88,0,0,94,5,5,0,0,0,true,200,https://www.utfpr.edu.br/,https://www.utfpr.edu.br/,COMPLETE,,,,,13157,4479,4479,true,false,11,[],[]
KC-038,Fatec São Paulo,https://www.fatecsp.br/,Educação,Seleção intencional por quota e diversidade de atividade. Educação superior tecnológica pública estadual; Sudeste. Página inicial oficial preferencial; sem avaliação de acessibilidade.,2026-10-07,verificado,"Homepage oficial consultada na pesquisa web, com conteúdo público sem autenticação.",2,scanner-v2,338883f9-ec46-40f5-8e49-4bef7529a44e,4e230d6b-05c4-4ab9-bcf7-adbe01c10ef4,COMPLETED,2026-10-07T17:22:17.353453300Z,2026-10-07T17:22:42.151519500Z,24797,23397,141,94,47,47,78,21,21,0,0,0,true,200,https://www.fatecsp.br/,https://www.fatecsp.br/,COMPLETE,,,,,15401,4401,4401,false,false,2,[],[]
KC-039,Colégio Santa Cruz de Araguaína,https://www.colegiosantacruz.g12.br/,Educação,Seleção intencional por quota e diversidade de atividade. Educação básica filantrópica; Tocantins; Norte. Página inicial oficial preferencial; sem avaliação de acessibilidade.,2026-10-07,verificado,"Homepage oficial consultada na pesquisa web, com conteúdo público sem autenticação.",2,scanner-v2,338883f9-ec46-40f5-8e49-4bef7529a44e,889e0142-cad6-4657-b1da-5d17e4fc91d1,COMPLETED,2026-10-07T17:22:42.413310100Z,2026-10-07T17:22:54.213933Z,11792,10765,39,19,20,20,79,4,4,0,0,0,true,200,https://www.colegiosantacruz.g12.br/,https://www.colegiosantacruz.g12.br/,COMPLETE,,,,,6521,2851,2851,true,false,6,[],[]
KC-040,Senac São Paulo,https://www.sp.senac.br/,Educação,Seleção intencional por quota e diversidade de atividade. Educação profissional; somente uma unidade do Sistema Senac. Página inicial oficial preferencial; sem avaliação de acessibilidade.,2026-10-07,verificado,Homepage oficial respondeu HTTP 200 com HTML e identificação da organização; consulta sem autenticação.,2,scanner-v2,338883f9-ec46-40f5-8e49-4bef7529a44e,2c982d77-bb19-4024-88c9-92ee9f753884,FAILED,2026-10-07T17:22:54.472663900Z,2026-10-07T17:22:57.691430800Z,3218,2733,,,,,,,,,,,false,403,https://www.sp.senac.br/,https://www.sp.senac.br/,NAVIGATION,INACCESSIBLE,Resposta HTTP 403.,,,2397,,,,,,[],[]
KC-041,g1,https://g1.globo.com/,Notícias e conteúdo,Seleção intencional por quota e diversidade de atividade. Portal de notícias generalista; Grupo Globo. Página inicial oficial preferencial; sem avaliação de acessibilidade.,2026-10-07,verificado,Homepage oficial respondeu HTTP 200 com HTML e identificação da organização; consulta sem autenticação. Somente a homepage integra a amostra; artigos internos podem exigir assinatura.,2,scanner-v2,338883f9-ec46-40f5-8e49-4bef7529a44e,2a45d218-3539-48df-90f1-1197cb9e7cca,COMPLETED,2026-10-07T17:22:58.116347Z,2026-10-07T17:23:59.516831100Z,61400,59868,1087,1083,4,4,100,5,5,0,0,0,true,200,https://g1.globo.com/,https://g1.globo.com/,COMPLETE,,,,,51867,4459,4459,true,false,104,[],[]
KC-042,Folha de S.Paulo,https://www.folha.uol.com.br/,Notícias e conteúdo,Seleção intencional por quota e diversidade de atividade. Jornal de notícias generalista; Grupo Folha. Página inicial oficial preferencial; sem avaliação de acessibilidade.,2026-10-07,verificado,"Homepage oficial consultada na pesquisa web, com conteúdo público sem autenticação. Somente a homepage integra a amostra; artigos internos podem exigir assinatura.",2,scanner-v2,338883f9-ec46-40f5-8e49-4bef7529a44e,e558a227-9705-45d2-8783-f73885b90982,COMPLETED,2026-10-07T17:23:59.778971Z,2026-10-07T17:25:25.671256600Z,85892,81645,779,778,1,1,87,102,102,0,0,0,true,200,https://www.folha.uol.com.br/,https://www.folha.uol.com.br/,COMPLETE,,,,,50373,12000,13482,true,true,25,[],[]
KC-043,Estadão,https://www.estadao.com.br/,Notícias e conteúdo,Seleção intencional por quota e diversidade de atividade. Jornal de notícias generalista; Grupo Estado. Página inicial oficial preferencial; sem avaliação de acessibilidade.,2026-10-07,verificado,Homepage oficial respondeu HTTP 200 com HTML e identificação da organização; consulta sem autenticação. Somente a homepage integra a amostra; artigos internos podem exigir assinatura.,2,scanner-v2,338883f9-ec46-40f5-8e49-4bef7529a44e,68179ad0-ad12-4987-beb5-bdbb6e23a772,FAILED,2026-10-07T17:25:25.939269600Z,2026-10-07T17:26:04.988968300Z,39050,38155,226,,,7,,,,,,,true,200,https://www.estadao.com.br/,https://www.estadao.com.br/,QUALITY,QUALITY,Captura sem cobertura textual confiável: CONTENT_NOT_STABLE,,,37568,12000,17360,true,true,152,[],"[""CONTENT_NOT_STABLE""]"
KC-044,BBC News Brasil,https://www.bbc.com/portuguese,Notícias e conteúdo,Seleção intencional por quota e diversidade de atividade. Notícias internacionais em português; edição Brasil. Página inicial oficial preferencial; sem avaliação de acessibilidade.,2026-10-07,verificado_com_ressalva,Organização internacional; página inicial da edição em português para o Brasil.,2,scanner-v2,338883f9-ec46-40f5-8e49-4bef7529a44e,8d7b6d03-d225-4b47-95fe-b0ed72e2dd69,FAILED,2026-10-07T17:26:05.256209200Z,2026-10-07T17:26:20.809393400Z,15553,14578,269,,,55,,,,,,,true,200,https://www.bbc.com/portuguese,https://www.bbc.com/portuguese,QUALITY,QUALITY,Captura sem cobertura textual confiável: CONTENT_NOT_STABLE,,,14210,8240,8240,true,false,7,[],"[""CONTENT_NOT_STABLE""]"
KC-045,DW Brasil,https://www.dw.com/pt-br/not%C3%ADcias/s-7111,Notícias e conteúdo,Seleção intencional por quota e diversidade de atividade. Notícias internacionais em português; edição Brasil. Página inicial oficial preferencial; sem avaliação de acessibilidade.,2026-10-07,verificado_com_ressalva,Organização internacional; página inicial da edição em português para o Brasil.,2,scanner-v2,338883f9-ec46-40f5-8e49-4bef7529a44e,238d84f0-15eb-48d9-a7d5-2e5cf225f6dd,COMPLETED,2026-10-07T17:26:22.419351900Z,2026-10-07T17:26:41.375113500Z,18957,17703,185,185,0,0,98,4,4,0,0,0,true,200,https://www.dw.com/pt-br/notícias/s-7111,https://www.dw.com/pt-br/notícias/s-7111,COMPLETE,,,,,9583,5627,5627,true,false,5,[],[]
KC-046,Agência Brasil,https://agenciabrasil.ebc.com.br/,Notícias e conteúdo,Seleção intencional por quota e diversidade de atividade. Agência pública de notícias; EBC. Página inicial oficial preferencial; sem avaliação de acessibilidade.,2026-10-07,verificado,Homepage oficial respondeu HTTP 200 com HTML e identificação da organização; consulta sem autenticação. Somente a homepage integra a amostra; artigos internos podem exigir assinatura.,2,scanner-v2,338883f9-ec46-40f5-8e49-4bef7529a44e,8af1f7bc-0a43-4e39-8e85-30379ad17eb9,COMPLETED,2026-10-07T17:26:41.648560600Z,2026-10-07T17:27:00.724996800Z,19076,17926,214,121,93,93,100,1,0,0,0,1,true,200,https://agenciabrasil.ebc.com.br/,https://agenciabrasil.ebc.com.br/,COMPLETE,,,,,10423,5046,5046,true,false,10,[],[]
KC-047,O TEMPO,https://www.otempo.com.br/,Notícias e conteúdo,Seleção intencional por quota e diversidade de atividade. Jornalismo regional; Minas Gerais; Sempre Editora. Página inicial oficial preferencial; sem avaliação de acessibilidade.,2026-10-07,verificado,"Homepage oficial consultada na pesquisa web, com conteúdo público sem autenticação. Somente a homepage integra a amostra; artigos internos podem exigir assinatura.",2,scanner-v2,338883f9-ec46-40f5-8e49-4bef7529a44e,217e34b5-743c-4ab0-931e-d398d96ed049,COMPLETED,2026-10-07T17:27:01.260947800Z,2026-10-07T17:28:01.017143500Z,59757,56878,291,291,0,0,93,21,20,1,0,0,true,200,https://www.otempo.com.br/,https://www.otempo.com.br/,COMPLETE,,,,,35277,12000,13739,true,true,38,[],[]
KC-048,Agência Pública,https://apublica.org/,Notícias e conteúdo,Seleção intencional por quota e diversidade de atividade. Jornalismo investigativo. Página inicial oficial preferencial; sem avaliação de acessibilidade.,2026-10-07,verificado,"Homepage oficial consultada na pesquisa web, com conteúdo público sem autenticação. Somente a homepage integra a amostra; artigos internos podem exigir assinatura.",2,scanner-v2,338883f9-ec46-40f5-8e49-4bef7529a44e,57686900-7ff5-4539-b96e-d291f53d3b5a,COMPLETED,2026-10-07T17:28:01.283072200Z,2026-10-07T17:28:42.211208900Z,40929,39685,168,167,1,1,98,4,4,0,0,0,true,200,https://apublica.org/,https://apublica.org/,COMPLETE,,,,,29083,7101,7101,true,false,25,[],[]
KC-049,Aos Fatos,https://www.aosfatos.org/,Notícias e conteúdo,Seleção intencional por quota e diversidade de atividade. Jornalismo e checagem de fatos. Página inicial oficial preferencial; sem avaliação de acessibilidade.,2026-10-07,verificado,"Homepage oficial consultada na pesquisa web, com conteúdo público sem autenticação. Somente a homepage integra a amostra; artigos internos podem exigir assinatura.",2,scanner-v2,338883f9-ec46-40f5-8e49-4bef7529a44e,30d67fdf-b56e-49ce-95c5-a8e8f1df954d,COMPLETED,2026-10-07T17:28:42.485963300Z,2026-10-07T17:29:02.614900Z,20128,18864,183,178,5,5,98,3,3,0,0,0,true,200,https://www.aosfatos.org/,https://www.aosfatos.org/,COMPLETE,,,,,12327,4829,4829,true,false,7,[],[]
KC-050,Congresso em Foco,https://www.congressoemfoco.com.br/,Notícias e conteúdo,Seleção intencional por quota e diversidade de atividade. Cobertura de política; organização editorial própria. Página inicial oficial preferencial; sem avaliação de acessibilidade.,2026-10-07,verificado,"Homepage oficial consultada na pesquisa web, com conteúdo público sem autenticação. Somente a homepage integra a amostra; artigos internos podem exigir assinatura.",2,scanner-v2,338883f9-ec46-40f5-8e49-4bef7529a44e,4bb760f6-b382-44ef-95dc-4cabca60e588,COMPLETED,2026-10-07T17:29:02.886676700Z,2026-10-07T17:29:19.978267300Z,17091,15780,110,110,0,0,96,5,4,1,0,0,true,200,https://www.congressoemfoco.com.br/,https://www.congressoemfoco.com.br/,COMPLETE,,,,,10438,5089,5089,true,false,13,[],[]
KC-051,Poder360,https://www.poder360.com.br/,Notícias e conteúdo,Seleção intencional por quota e diversidade de atividade. Cobertura de política e economia. Página inicial oficial preferencial; sem avaliação de acessibilidade.,2026-10-07,verificado,"Homepage oficial consultada na pesquisa web, com conteúdo público sem autenticação. Somente a homepage integra a amostra; artigos internos podem exigir assinatura.",2,scanner-v2,338883f9-ec46-40f5-8e49-4bef7529a44e,66b02bc2-d53e-4ccd-9bea-836060db1132,COMPLETED,2026-10-07T17:29:20.220261700Z,2026-10-07T17:30:14.417410900Z,54184,52477,351,331,20,20,97,10,10,0,0,0,true,200,https://www.poder360.com.br/,https://www.poder360.com.br/,COMPLETE,,,,,36254,10780,10780,true,false,40,[],[]
KC-052,Jornal Opção,https://www.jornalopcao.com.br/,Notícias e conteúdo,Seleção intencional por quota e diversidade de atividade. Jornalismo regional e política; Goiás. Página inicial oficial preferencial; sem avaliação de acessibilidade.,2026-10-07,verificado,"Homepage oficial consultada na pesquisa web, com conteúdo público sem autenticação. Somente a homepage integra a amostra; artigos internos podem exigir assinatura.",2,scanner-v2,338883f9-ec46-40f5-8e49-4bef7529a44e,39f1edc5-e816-4da0-9e2b-18e548a4e53d,FAILED,2026-10-07T17:30:14.678277400Z,2026-10-07T17:30:20.509176200Z,5830,5342,,,,,,,,,,,false,403,https://www.jornalopcao.com.br/,https://www.jornalopcao.com.br/,NAVIGATION,INACCESSIBLE,Resposta HTTP 403.,,,5016,,,,,,[],[]
KC-053,Intercept Brasil,https://www.intercept.com.br/,Notícias e conteúdo,Seleção intencional por quota e diversidade de atividade. Jornalismo investigativo. Página inicial oficial preferencial; sem avaliação de acessibilidade.,2026-10-07,verificado_com_ressalva,"Homepage oficial consultada na pesquisa web, com conteúdo público sem autenticação. Consulta HTTP: 403; confirmação pelo conteúdo da pesquisa web. Somente a homepage integra a amostra; artigos internos podem exigir assinatura.",2,scanner-v2,338883f9-ec46-40f5-8e49-4bef7529a44e,b5f0acd5-fd3a-4611-bc37-c176108dea93,FAILED,2026-10-07T17:30:20.927874900Z,2026-10-07T17:30:24.105926400Z,3176,2692,,,,,,,,,,,false,403,https://www.intercept.com.br/,https://www.intercept.com.br/,NAVIGATION,INACCESSIBLE,Resposta HTTP 403.,,,2364,,,,,,[],[]
KC-054,Brasil de Fato,https://www.brasildefato.com.br/,Notícias e conteúdo,Seleção intencional por quota e diversidade de atividade. Notícias e conteúdo editorial. Página inicial oficial preferencial; sem avaliação de acessibilidade.,2026-10-07,verificado,"Homepage oficial consultada na pesquisa web, com conteúdo público sem autenticação. Somente a homepage integra a amostra; artigos internos podem exigir assinatura.",2,scanner-v2,338883f9-ec46-40f5-8e49-4bef7529a44e,ffeaae90-0c62-46ae-bd0a-d8161778e336,COMPLETED,2026-10-07T17:30:24.582168Z,2026-10-07T17:31:03.279952800Z,38697,34750,190,188,2,2,69,59,59,0,0,0,true,200,https://www.brasildefato.com.br/,https://www.brasildefato.com.br/,COMPLETE,,,,,14987,7959,7959,true,false,19,[],[]
KC-055,CartaCapital,https://www.cartacapital.com.br/,Notícias e conteúdo,Seleção intencional por quota e diversidade de atividade. Revista de notícias e opinião. Página inicial oficial preferencial; sem avaliação de acessibilidade.,2026-10-07,verificado,"Homepage oficial consultada na pesquisa web, com conteúdo público sem autenticação. Somente a homepage integra a amostra; artigos internos podem exigir assinatura.",2,scanner-v2,338883f9-ec46-40f5-8e49-4bef7529a44e,1a619e89-d9de-4878-86e8-d5682ece72e3,FAILED,2026-10-07T17:31:03.540918200Z,2026-10-07T17:31:14.919112100Z,11378,10441,238,,,41,,,,,,,true,200,https://www.cartacapital.com.br/,https://www.cartacapital.com.br/,QUALITY,QUALITY,Captura sem cobertura textual confiável: CONTENT_NOT_STABLE,,,10095,12000,16440,true,true,13,[],"[""CONTENT_NOT_STABLE""]"
KC-056,Jornal do Comércio (RS),https://www.jornaldocomercio.com/,Notícias e conteúdo,Seleção intencional por quota e diversidade de atividade. Jornalismo econômico e regional; Rio Grande do Sul. Página inicial oficial preferencial; sem avaliação de acessibilidade.,2026-10-07,verificado,"Homepage oficial consultada na pesquisa web, com conteúdo público sem autenticação. Somente a homepage integra a amostra; artigos internos podem exigir assinatura.",2,scanner-v2,338883f9-ec46-40f5-8e49-4bef7529a44e,e96b00dd-75c3-40b6-aca2-1375e74171cd,FAILED,2026-10-07T17:31:15.194078800Z,2026-10-07T17:31:41.862745200Z,26673,25717,291,,,0,,,,,,,true,200,https://www.jornaldocomercio.com/,https://www.jornaldocomercio.com/,QUALITY,QUALITY,Captura sem cobertura textual confiável: CONTENT_NOT_STABLE,,,25323,12000,12091,true,true,51,[],"[""CONTENT_NOT_STABLE""]"
KC-057,((o))eco,https://oeco.org.br/,Notícias e conteúdo,Seleção intencional por quota e diversidade de atividade. Jornalismo ambiental. Página inicial oficial preferencial; sem avaliação de acessibilidade.,2026-10-07,verificado,"Homepage oficial consultada na pesquisa web, com conteúdo público sem autenticação. Somente a homepage integra a amostra; artigos internos podem exigir assinatura.",2,scanner-v2,338883f9-ec46-40f5-8e49-4bef7529a44e,4f770e78-7f2a-442d-b869-66a21c5f7a03,COMPLETED,2026-10-07T17:31:42.146082100Z,2026-10-07T17:32:25.042731Z,42894,40651,214,214,0,0,87,30,28,0,1,1,true,200,https://oeco.org.br/,https://oeco.org.br/,COMPLETE,,,,,24140,8563,8563,false,false,20,[],[]
KC-058,Opera Mundi,https://operamundi.uol.com.br/,Notícias e conteúdo,Seleção intencional por quota e diversidade de atividade. Notícias internacionais; organização editorial própria. Página inicial oficial preferencial; sem avaliação de acessibilidade.,2026-10-07,verificado_com_ressalva,Editora própria: Última Instância Editorial Ltda.; parceria com UOL não equivale à organização Folha. Fonte: https://operamundi.uol.com.br/sobre-opera-mundi/,2,scanner-v2,338883f9-ec46-40f5-8e49-4bef7529a44e,63f3ca5e-cf3f-4fd3-8963-3cc58de7028c,FAILED,2026-10-07T17:32:25.311318200Z,2026-10-07T17:32:56.253439Z,30949,30109,206,,,6,,,,,,,true,200,https://operamundi.uol.com.br/,https://operamundi.uol.com.br/,QUALITY,QUALITY,Captura sem cobertura textual confiável: CONTENT_NOT_STABLE,,,29755,5717,5717,true,false,61,[],"[""CONTENT_NOT_STABLE""]"
KC-059,Diário do Nordeste,https://diariodonordeste.verdesmares.com.br/,Notícias e conteúdo,Seleção intencional por quota e diversidade de atividade. Jornalismo regional; Ceará; Grupo Edson Queiroz. Página inicial oficial preferencial; sem avaliação de acessibilidade.,2026-10-07,verificado,"Homepage oficial consultada na pesquisa web, com conteúdo público sem autenticação. Somente a homepage integra a amostra; artigos internos podem exigir assinatura.",2,scanner-v2,338883f9-ec46-40f5-8e49-4bef7529a44e,f939dd62-6781-4494-9920-9942127872c1,FAILED,2026-10-07T17:32:56.530908400Z,2026-10-07T17:33:10.564144300Z,14031,13213,170,,,0,,,,,,,true,200,https://diariodonordeste.verdesmares.com.br/,https://diariodonordeste.verdesmares.com.br/,QUALITY,QUALITY,Captura sem cobertura textual confiável: CONTENT_NOT_STABLE,,,12875,9329,9329,true,false,25,[],"[""CONTENT_NOT_STABLE""]"
KC-060,Correio Braziliense,https://www.correiobraziliense.com.br/,Notícias e conteúdo,Seleção intencional por quota e diversidade de atividade. Jornalismo regional; Distrito Federal; Diários Associados. Página inicial oficial preferencial; sem avaliação de acessibilidade.,2026-10-07,verificado,"Homepage oficial consultada na pesquisa web, com conteúdo público sem autenticação. Somente a homepage integra a amostra; artigos internos podem exigir assinatura.",2,scanner-v2,338883f9-ec46-40f5-8e49-4bef7529a44e,585a99ca-65a9-4ed0-b4b0-cca662f41a2c,COMPLETED,2026-10-07T17:33:10.841374900Z,2026-10-07T17:33:57.554401600Z,46709,44624,275,273,2,2,89,30,30,0,0,0,true,200,https://www.correiobraziliense.com.br/,https://www.correiobraziliense.com.br/,COMPLETE,,,,,29626,12000,17318,true,true,52,[],[]
KC-061,Omie,https://www.omie.com.br/,Serviços,Seleção intencional por quota e diversidade de atividade. Software de gestão empresarial como serviço; homepage pública. Página inicial oficial preferencial; sem avaliação de acessibilidade.,2026-10-07,verificado_com_ressalva,Classificação a revisar: Serviços pelo software oferecido como serviço; homepage também corporativa. Conteúdo informativo público; login para uso do aplicativo contratado.,2,scanner-v2,338883f9-ec46-40f5-8e49-4bef7529a44e,1c1fe256-62e7-4790-b05d-0bece97c4634,COMPLETED,2026-10-07T17:33:57.862268400Z,2026-10-07T17:34:20.786315900Z,22933,21020,193,188,5,5,98,7,3,2,1,1,true,200,https://www.omie.com.br/,https://www.omie.com.br/,COMPLETE,,,,,13055,5746,5746,true,false,1,[],[]
KC-062,Sabesp,https://www.sabesp.com.br/,Serviços,Seleção intencional por quota e diversidade de atividade. Serviços de água e saneamento; São Paulo. Página inicial oficial preferencial; sem avaliação de acessibilidade.,2026-10-07,verificado,"Homepage oficial consultada na pesquisa web, com conteúdo público sem autenticação.",2,scanner-v2,338883f9-ec46-40f5-8e49-4bef7529a44e,6f7ba61c-8c1e-4707-9e8d-99ca8a96d698,COMPLETED,2026-10-07T17:34:21.069918200Z,2026-10-07T17:34:45.213035900Z,24144,22680,119,117,2,2,74,30,30,0,0,0,true,200,https://www.sabesp.com.br/,https://www.sabesp.com.br/,COMPLETE,,,,,14496,2747,2747,true,false,7,[],[]
KC-063,Itaú,https://www.itau.com.br/,Serviços,Seleção intencional por quota e diversidade de atividade. Serviços bancários; página pública informativa. Página inicial oficial preferencial; sem avaliação de acessibilidade.,2026-10-07,verificado_com_ressalva,"Homepage oficial consultada na pesquisa web, com conteúdo público sem autenticação. Consulta HTTP: 403; confirmação pelo conteúdo da pesquisa web.",2,scanner-v2,338883f9-ec46-40f5-8e49-4bef7529a44e,79e3ee4e-f89d-4537-9349-3def77f0fe8c,FAILED,2026-10-07T17:34:45.556911500Z,2026-10-07T17:34:47.451393800Z,1897,1404,,,,,,,,,,,false,403,https://www.itau.com.br/,https://www.itau.com.br/,NAVIGATION,INACCESSIBLE,Resposta HTTP 403.,,,1067,,,,,,[],[]
KC-064,Cemig,https://www.cemig.com.br/,Serviços,Seleção intencional por quota e diversidade de atividade. Serviços de energia elétrica; Minas Gerais. Página inicial oficial preferencial; sem avaliação de acessibilidade.,2026-10-07,verificado,"Homepage oficial consultada na pesquisa web, com conteúdo público sem autenticação.",2,scanner-v2,338883f9-ec46-40f5-8e49-4bef7529a44e,f8c89d1f-a8e1-4f77-be1b-6b58594794f3,COMPLETED,2026-10-07T17:34:47.881473Z,2026-10-07T17:35:03.471023300Z,15589,14121,85,65,20,20,100,0,0,0,0,0,true,200,https://www.cemig.com.br/,https://www.cemig.com.br/,COMPLETE,,,,,9581,3364,3364,true,false,1,[],[]
KC-065,Santander Brasil,https://www.santander.com.br/,Serviços,Seleção intencional por quota e diversidade de atividade. Serviços bancários; página pública informativa. Página inicial oficial preferencial; sem avaliação de acessibilidade.,2026-10-07,verificado_com_ressalva,"Homepage oficial consultada na pesquisa web, com conteúdo público sem autenticação. Consulta HTTP: 403; confirmação pelo conteúdo da pesquisa web.",2,scanner-v2,338883f9-ec46-40f5-8e49-4bef7529a44e,abae4f3b-64dc-4a7e-b402-ee8b0be0b818,FAILED,2026-10-07T17:35:04.403023100Z,2026-10-07T17:35:06.574710200Z,2171,1686,,,,,,,,,,,false,403,https://www.santander.com.br/,https://www.santander.com.br/,NAVIGATION,INACCESSIBLE,Resposta HTTP 403.,,,1363,,,,,,[],[]
KC-066,Nubank,https://nubank.com.br/,Serviços,Seleção intencional por quota e diversidade de atividade. Serviços financeiros digitais; página pública. Página inicial oficial preferencial; sem avaliação de acessibilidade.,2026-10-07,verificado,"Homepage oficial consultada na pesquisa web, com conteúdo público sem autenticação.",2,scanner-v2,338883f9-ec46-40f5-8e49-4bef7529a44e,27b6286b-f54b-4ca4-81a8-0f9ff9f9c993,FAILED,2026-10-07T17:35:07.318318100Z,2026-10-07T17:35:38.454061900Z,31135,30273,75,,,0,,,,,,,true,200,https://nubank.com.br/,https://nubank.com.br/,QUALITY,QUALITY,Captura sem cobertura textual confiável: CONTENT_NOT_STABLE,,,29755,8138,8138,true,false,9,[],"[""CONTENT_NOT_STABLE""]"
KC-067,Banco Inter,https://inter.co/,Serviços,Seleção intencional por quota e diversidade de atividade. Serviços financeiros digitais; página pública. Página inicial oficial preferencial; sem avaliação de acessibilidade.,2026-10-07,verificado,"Homepage oficial consultada na pesquisa web, com conteúdo público sem autenticação.",2,scanner-v2,338883f9-ec46-40f5-8e49-4bef7529a44e,40c36e1e-4acf-4e09-a6cc-7165a4608a3a,COMPLETED,2026-10-07T17:35:38.966694200Z,2026-10-07T17:36:11.276068300Z,32308,30424,108,94,14,14,82,17,17,0,0,0,true,200,https://inter.co/,https://inter.co/,COMPLETE,,,,,17033,9298,9298,true,false,47,[],[]
KC-068,Vivo,https://vivo.com.br/para-voce,Serviços,Seleção intencional por quota e diversidade de atividade. Telecomunicações; Telefônica. Página inicial oficial preferencial; sem avaliação de acessibilidade.,2026-10-07,verificado_com_ressalva,"Homepage oficial consultada na pesquisa web, com conteúdo público sem autenticação. Consulta HTTP: 403; confirmação pelo conteúdo da pesquisa web.",2,scanner-v2,338883f9-ec46-40f5-8e49-4bef7529a44e,ef378340-6da8-4505-9326-06db8096c57d,FAILED,2026-10-07T17:36:11.704803200Z,2026-10-07T17:36:13.900860700Z,2195,1683,,,,,,,,,,,false,403,https://vivo.com.br/para-voce,https://vivo.com.br/para-voce,NAVIGATION,INACCESSIBLE,Resposta HTTP 403.,,,1342,,,,,,[],[]
KC-069,Claro,https://www.claro.com.br/,Serviços,Seleção intencional por quota e diversidade de atividade. Telecomunicações; América Móvil. Página inicial oficial preferencial; sem avaliação de acessibilidade.,2026-10-07,verificado,Homepage oficial respondeu HTTP 200 com HTML e identificação da organização; consulta sem autenticação.,2,scanner-v2,338883f9-ec46-40f5-8e49-4bef7529a44e,5cd66056-1f52-411e-b4d4-376dcc2ddf4a,COMPLETED,2026-10-07T17:36:14.429780500Z,2026-10-07T17:36:38.332044200Z,23902,21628,358,356,2,2,98,8,8,0,0,0,true,200,https://www.claro.com.br/,https://www.claro.com.br/,COMPLETE,,,,,15208,7207,7207,true,false,4,[],[]
KC-070,TIM Brasil,https://www.tim.com.br/rj,Serviços,Seleção intencional por quota e diversidade de atividade. Telecomunicações. Página inicial oficial preferencial; sem avaliação de acessibilidade.,2026-10-07,verificado_com_ressalva,URL regional RJ obtida por redirecionamento oficial; conteúdo pode variar por localização.,2,scanner-v2,338883f9-ec46-40f5-8e49-4bef7529a44e,98d3695e-3e2f-40d4-9d23-4ff3c549d034,FAILED,2026-10-07T17:36:38.611771400Z,2026-10-07T17:37:11.618196800Z,33006,32129,222,,,17,,,,,,,true,200,https://www.tim.com.br/rj,https://www.tim.com.br/rj,QUALITY,QUALITY,Captura sem cobertura textual confiável: CONTENT_NOT_STABLE,,,31751,10486,10486,true,false,19,[],"[""CONTENT_NOT_STABLE""]"
KC-071,LATAM Brasil,https://www.latamairlines.com/br/pt,Serviços,Seleção intencional por quota e diversidade de atividade. Transporte aéreo; edição brasileira. Página inicial oficial preferencial; sem avaliação de acessibilidade.,2026-10-07,verificado_com_ressalva,"Homepage oficial consultada na pesquisa web, com conteúdo público sem autenticação. Consulta HTTP: falha de conexão; confirmação pelo conteúdo da pesquisa web.",2,scanner-v2,338883f9-ec46-40f5-8e49-4bef7529a44e,c5f9d8c9-4651-4090-ae27-06ee3e2d0a54,FAILED,2026-10-07T17:37:11.983080100Z,2026-10-07T17:37:15.409483300Z,3426,2915,,,,,,,,,,,false,403,https://www.latamairlines.com/br/pt,https://www.latamairlines.com/br/pt,NAVIGATION,INACCESSIBLE,Resposta HTTP 403.,,,2584,,,,,,[],[]
KC-072,GOL,https://www.voegol.com.br/,Serviços,Seleção intencional por quota e diversidade de atividade. Transporte aéreo; Grupo Abra. Página inicial oficial preferencial; sem avaliação de acessibilidade.,2026-10-07,verificado,"Homepage oficial consultada na pesquisa web, com conteúdo público sem autenticação.",2,scanner-v2,338883f9-ec46-40f5-8e49-4bef7529a44e,999d86b4-4cba-45ee-8042-02926ae51953,FAILED,2026-10-07T17:37:15.936328500Z,2026-10-07T17:37:18.889920500Z,2964,2452,,,,,,,,,,,false,403,https://www.voegol.com.br/,https://www.voegol.com.br/,NAVIGATION,INACCESSIBLE,Resposta HTTP 403.,,,1914,,,,,,[],[]
KC-073,Neoenergia,https://www.neoenergia.com/,Serviços,Seleção intencional por quota e diversidade de atividade. Serviços de energia elétrica; operações em diferentes estados. Página inicial oficial preferencial; sem avaliação de acessibilidade.,2026-10-07,verificado,"Homepage oficial consultada na pesquisa web, com conteúdo público sem autenticação.",2,scanner-v2,338883f9-ec46-40f5-8e49-4bef7529a44e,4deeb901-fc15-4d01-9e53-98c67aa9421d,FAILED,2026-10-07T17:37:19.595645800Z,2026-10-07T17:37:21.914769300Z,2319,1823,,,,,,,,,,,false,403,https://www.neoenergia.com/,https://www.neoenergia.com/,NAVIGATION,INACCESSIBLE,Resposta HTTP 403.,,,1487,,,,,,[],[]
KC-074,Correios,https://www.correios.com.br/,Serviços,Seleção intencional por quota e diversidade de atividade. Serviços postais e logística. Página inicial oficial preferencial; sem avaliação de acessibilidade.,2026-10-07,verificado,"Homepage oficial consultada na pesquisa web, com conteúdo público sem autenticação.",2,scanner-v2,338883f9-ec46-40f5-8e49-4bef7529a44e,183dba95-f143-49b4-a74f-462cc278d430,FAILED,2026-10-07T17:37:22.441417700Z,2026-10-07T17:37:35.360794700Z,12924,12240,0,,,0,,,,,,,true,200,https://www.correios.com.br/,https://www.correios.com.br/,QUALITY,QUALITY,"Captura sem cobertura textual confiável: NO_VISIBLE_TEXT_AT_READINESS, ZERO_COLLECTED_ELEMENTS, UNIFORM_SCREENSHOT",,,11900,4391,4391,true,false,6,[],"[""NO_VISIBLE_TEXT_AT_READINESS"", ""ZERO_COLLECTED_ELEMENTS"", ""UNIFORM_SCREENSHOT""]"
KC-075,Localiza,https://www.localiza.com/brasil/pt-br,Serviços,Seleção intencional por quota e diversidade de atividade. Locação de veículos. Página inicial oficial preferencial; sem avaliação de acessibilidade.,2026-10-07,verificado,"Homepage oficial consultada na pesquisa web, com conteúdo público sem autenticação.",2,scanner-v2,338883f9-ec46-40f5-8e49-4bef7529a44e,5253c4de-7e88-4eaa-9a0b-1016b4e89b48,COMPLETED,2026-10-07T17:37:35.894951900Z,2026-10-07T17:37:52.264781600Z,16372,15162,109,109,0,0,97,3,3,0,0,0,true,200,https://www.localiza.com/brasil/pt-br,https://www.localiza.com/brasil/pt-br,COMPLETE,,,,,10692,2994,2994,true,false,39,[],[]
KC-076,Movida,https://www.movida.com.br/,Serviços,Seleção intencional por quota e diversidade de atividade. Locação de veículos; Grupo Simpar. Página inicial oficial preferencial; sem avaliação de acessibilidade.,2026-10-07,verificado_com_ressalva,"Homepage oficial consultada na pesquisa web, com conteúdo público sem autenticação. Consulta HTTP: 403; confirmação pelo conteúdo da pesquisa web.",2,scanner-v2,338883f9-ec46-40f5-8e49-4bef7529a44e,2792beb8-854d-436b-9597-ff0b9ceb5877,FAILED,2026-10-07T17:37:52.624255500Z,2026-10-07T17:37:55.136788400Z,2511,2004,,,,,,,,,,,false,403,https://www.movida.com.br/,https://www.movida.com.br/,NAVIGATION,INACCESSIBLE,Resposta HTTP 403.,,,1660,,,,,,[],[]
KC-077,Sanepar,https://www.sanepar.com.br/,Serviços,Seleção intencional por quota e diversidade de atividade. Serviços de água e saneamento; Paraná. Página inicial oficial preferencial; sem avaliação de acessibilidade.,2026-10-07,verificado,"Homepage oficial consultada na pesquisa web, com conteúdo público sem autenticação.",2,scanner-v2,338883f9-ec46-40f5-8e49-4bef7529a44e,10ce8b79-cb6d-46bf-974f-e783ce73085d,COMPLETED,2026-10-07T17:37:55.651877700Z,2026-10-07T17:38:32.743741500Z,37094,33977,190,172,18,18,67,57,57,0,0,0,true,200,https://www.sanepar.com.br/,https://www.sanepar.com.br/,COMPLETE,,,,,9641,9849,9849,true,false,4,[],[]
KC-078,Unimed do Brasil,https://www.unimed.coop.br/site/,Serviços,Seleção intencional por quota e diversidade de atividade. Serviços e informações de saúde; confederação nacional. Página inicial oficial preferencial; sem avaliação de acessibilidade.,2026-10-07,verificado_com_ressalva,Classificação a revisar: confederação nacional de cooperativas de saúde. Serviços pelo setor de atuação; homepage também institucional.,2,scanner-v2,338883f9-ec46-40f5-8e49-4bef7529a44e,4a725d2c-a28c-4714-a463-efc0ee21f672,COMPLETED,2026-10-07T17:38:33.007631700Z,2026-10-07T17:38:54.393255300Z,21376,20108,84,75,9,9,87,10,10,0,0,0,true,200,https://www.unimed.coop.br/site/,https://www.unimed.coop.br/site/,COMPLETE,,,,,12576,3812,3812,true,false,13,[],[]
KC-079,Serasa,https://www.serasa.com.br/,Serviços,Seleção intencional por quota e diversidade de atividade. Serviços de informação de crédito; Experian. Página inicial oficial preferencial; sem avaliação de acessibilidade.,2026-10-07,verificado,Homepage oficial respondeu HTTP 200 com HTML e identificação da organização; consulta sem autenticação.,2,scanner-v2,338883f9-ec46-40f5-8e49-4bef7529a44e,5e64cfac-1044-41b5-a4c4-fbfff922c4ad,COMPLETED,2026-10-07T17:38:54.671275Z,2026-10-07T17:39:19.636712600Z,24961,23592,162,162,0,0,95,9,8,1,0,0,true,200,https://www.serasa.com.br/,https://www.serasa.com.br/,COMPLETE,,,,,9806,8843,8843,true,false,37,[],[]
KC-080,Conta Azul,https://contaazul.com/,Serviços,Seleção intencional por quota e diversidade de atividade. Software de gestão empresarial como serviço. Página inicial oficial preferencial; sem avaliação de acessibilidade.,2026-10-07,verificado_com_ressalva,Classificação a revisar: Serviços pelo software oferecido como serviço; homepage também corporativa. Conteúdo informativo público; login para uso do aplicativo contratado.,2,scanner-v2,338883f9-ec46-40f5-8e49-4bef7529a44e,9c552c7d-1393-4c45-a3a1-f4a01ab46447,COMPLETED,2026-10-07T17:39:19.914153400Z,2026-10-07T17:39:53.774273Z,33859,31721,269,217,52,52,84,36,35,0,0,1,true,200,https://contaazul.com/,https://contaazul.com/,COMPLETE,,,,,10053,10342,10342,true,false,0,[],[]
KC-081,Petrobras,https://petrobras.com.br/,Empresas e instituições,Seleção intencional por quota e diversidade de atividade. Empresa de energia; página institucional. Página inicial oficial preferencial; sem avaliação de acessibilidade.,2026-10-07,verificado,"Homepage oficial consultada na pesquisa web, com conteúdo público sem autenticação.",2,scanner-v2,338883f9-ec46-40f5-8e49-4bef7529a44e,ae04c8cb-938c-42d4-b6fa-e5f32c95492e,COMPLETED,2026-10-07T17:39:54.063017Z,2026-10-07T17:40:38.614608200Z,44551,43145,88,82,6,6,74,21,21,0,0,0,true,200,https://petrobras.com.br/,https://petrobras.com.br/,COMPLETE,,,,,32880,3161,3161,true,false,23,[],[]
KC-082,Vale,https://vale.com/pt,Empresas e instituições,Seleção intencional por quota e diversidade de atividade. Empresa de mineração; página institucional em português. Página inicial oficial preferencial; sem avaliação de acessibilidade.,2026-10-07,verificado,"Homepage oficial consultada na pesquisa web, com conteúdo público sem autenticação.",2,scanner-v2,338883f9-ec46-40f5-8e49-4bef7529a44e,0c0dea35-96e8-44a3-87a9-3ce8129ad3e4,FAILED,2026-10-07T17:40:38.910352100Z,2026-10-07T17:40:41.061079700Z,2149,1639,,,,,,,,,,,false,403,https://vale.com/pt,https://vale.com/pt,NAVIGATION,INACCESSIBLE,Resposta HTTP 403.,,,1288,,,,,,[],[]
KC-083,Embraer,https://www.embraer.com/pt/,Empresas e instituições,Seleção intencional por quota e diversidade de atividade. Indústria aeronáutica; página institucional. Página inicial oficial preferencial; sem avaliação de acessibilidade.,2026-10-07,verificado,"Homepage oficial consultada na pesquisa web, com conteúdo público sem autenticação.",2,scanner-v2,338883f9-ec46-40f5-8e49-4bef7529a44e,f86c6c94-eb7e-4ff9-8a7e-6e0d63a57917,FAILED,2026-10-07T17:40:41.506605700Z,2026-10-07T17:41:13.436817200Z,31929,31421,,,,,,,,,,,false,,https://www.embraer.com/pt/,https://www.embraer.com/pt/,NAVIGATION,TIMEOUT,Falha técnica na requisição de navegação.,com.microsoft.playwright.TimeoutError,Timeout 29983ms exceeded.,31080,,,,,,[],[]
KC-084,BNDES,https://www.bndes.gov.br/wps/portal/site/home,Empresas e instituições,Seleção intencional por quota e diversidade de atividade. Instituição pública de desenvolvimento; homepage institucional. Página inicial oficial preferencial; sem avaliação de acessibilidade.,2026-10-07,verificado_com_ressalva,Classificação a revisar: banco de desenvolvimento em Empresas e instituições pela missão pública; também presta serviços financeiros.,2,scanner-v2,338883f9-ec46-40f5-8e49-4bef7529a44e,2386b319-c809-4a68-83b3-c751158f7ced,COMPLETED,2026-10-07T17:41:13.963196400Z,2026-10-07T17:41:45.528839700Z,31565,30361,76,73,3,3,99,4,1,0,0,3,true,200,https://www.bndes.gov.br/wps/portal/site/home,https://www.bndes.gov.br/wps/portal/site/home,COMPLETE,,,,,25544,4546,4546,true,false,20,[],[]
KC-085,Randoncorp,https://www.randoncorp.com/pt/,Empresas e instituições,Seleção intencional por quota e diversidade de atividade. Indústria de transporte e autopeças; homepage institucional. Página inicial oficial preferencial; sem avaliação de acessibilidade.,2026-10-07,verificado,"Homepage oficial consultada na pesquisa web, com conteúdo público sem autenticação.",2,scanner-v2,338883f9-ec46-40f5-8e49-4bef7529a44e,dced6a39-0075-44d3-8122-1783402ccb91,FAILED,2026-10-07T17:41:45.877421600Z,2026-10-07T17:41:48.465336700Z,2581,2074,,,,,,,,,,,false,403,https://www.randoncorp.com/pt/,https://www.randoncorp.com/pt/,NAVIGATION,INACCESSIBLE,Resposta HTTP 403.,,,1746,,,,,,[],[]
KC-086,Suzano,https://www.suzano.com.br/,Empresas e instituições,Seleção intencional por quota e diversidade de atividade. Papel e celulose; página institucional. Página inicial oficial preferencial; sem avaliação de acessibilidade.,2026-10-07,verificado_com_ressalva,HTTP com preferência pt-BR retornou português; pesquisa web exibiu inglês. Revisar idioma na execução futura.,2,scanner-v2,338883f9-ec46-40f5-8e49-4bef7529a44e,324fa2bf-d73c-495e-b639-54a8cfb22933,COMPLETED,2026-10-07T17:41:48.982130800Z,2026-10-07T17:42:05.189798400Z,16207,14920,116,84,32,32,92,7,7,0,0,0,true,200,https://www.suzano.com.br/,https://www.suzano.com.br/,COMPLETE,,,,,6968,6330,6330,true,false,4,[],[]
KC-087,Klabin,https://klabin.com.br/,Empresas e instituições,Seleção intencional por quota e diversidade de atividade. Papel e embalagens; página institucional. Página inicial oficial preferencial; sem avaliação de acessibilidade.,2026-10-07,verificado,"Homepage oficial consultada na pesquisa web, com conteúdo público sem autenticação.",2,scanner-v2,338883f9-ec46-40f5-8e49-4bef7529a44e,2ca8fc20-6be9-4887-8b1f-c9fd2118e1fe,COMPLETED,2026-10-07T17:42:05.478284100Z,2026-10-07T17:42:37.712251Z,32233,30769,74,66,8,8,42,39,38,1,0,0,true,200,https://klabin.com.br/,https://klabin.com.br/,COMPLETE,,,,,19827,4232,4232,true,false,24,[],[]
KC-088,JBS,https://jbs.com.br/,Empresas e instituições,Seleção intencional por quota e diversidade de atividade. Indústria de alimentos; página institucional. Página inicial oficial preferencial; sem avaliação de acessibilidade.,2026-10-07,verificado,Homepage oficial respondeu HTTP 200 com HTML e identificação da organização; consulta sem autenticação. Redirecionamento observado: https://www.jbs.com.br:443/.,2,scanner-v2,338883f9-ec46-40f5-8e49-4bef7529a44e,1f833d36-70eb-4598-8de5-f1210488e1c9,COMPLETED,2026-10-07T17:42:37.997173Z,2026-10-07T17:42:54.893676600Z,16896,15791,68,65,3,3,97,2,2,0,0,0,true,200,https://jbs.com.br/,https://www.jbs.com.br/,COMPLETE,,,,,9295,4963,4963,true,false,3,"[""https://www.jbs.com.br:443/""]",[]
KC-089,Tupy,https://www.tupy.com.br/,Empresas e instituições,Seleção intencional por quota e diversidade de atividade. Indústria metalúrgica; página institucional. Página inicial oficial preferencial; sem avaliação de acessibilidade.,2026-10-07,verificado,"Homepage oficial consultada na pesquisa web, com conteúdo público sem autenticação.",2,scanner-v2,338883f9-ec46-40f5-8e49-4bef7529a44e,5a01a31d-eba7-4253-98b6-b9e5af5228d9,COMPLETED,2026-10-07T17:42:55.261751900Z,2026-10-07T17:43:33.283353500Z,38023,35163,82,69,13,13,83,12,12,0,0,0,true,200,https://www.tupy.com.br/,https://www.tupy.com.br/,COMPLETE,,,,,23249,7377,7377,true,false,0,[],[]
KC-090,Votorantim,https://www.votorantim.com.br/,Empresas e instituições,Seleção intencional por quota e diversidade de atividade. Grupo empresarial; página institucional. Página inicial oficial preferencial; sem avaliação de acessibilidade.,2026-10-07,verificado,Homepage oficial respondeu HTTP 200 com HTML e identificação da organização; consulta sem autenticação.,2,scanner-v2,338883f9-ec46-40f5-8e49-4bef7529a44e,dbbef46a-cd3d-4009-a58f-2437ea68c38f,COMPLETED,2026-10-07T17:43:33.658200300Z,2026-10-07T17:43:54.620010500Z,20965,19681,99,81,18,18,86,11,11,0,0,0,true,200,https://www.votorantim.com.br/,https://www.votorantim.com.br/,COMPLETE,,,,,12793,5485,5485,true,false,1,[],[]
KC-091,TOTVS,https://www.totvs.com/,Empresas e instituições,Seleção intencional por quota e diversidade de atividade. Tecnologia empresarial; página corporativa. Página inicial oficial preferencial; sem avaliação de acessibilidade.,2026-10-07,verificado_com_ressalva,Classificação a revisar: homepage corporativa de empresa de tecnologia; também oferece software e serviços.,2,scanner-v2,338883f9-ec46-40f5-8e49-4bef7529a44e,d59aba8a-ae34-417e-a991-4127d9174da9,COMPLETED,2026-10-07T17:43:54.916054800Z,2026-10-07T17:44:15.061951600Z,20146,18684,103,100,3,3,76,24,24,0,0,0,true,200,https://www.totvs.com/,https://www.totvs.com/,COMPLETE,,,,,8012,6069,6069,true,false,2,[],[]
KC-092,Stefanini,https://pages.stefanini.com/pt-br,Empresas e instituições,Seleção intencional por quota e diversidade de atividade. Tecnologia e consultoria; página corporativa. Página inicial oficial preferencial; sem avaliação de acessibilidade.,2026-10-07,verificado_com_ressalva,Classificação a revisar: homepage corporativa em português; também presta consultoria e serviços de tecnologia.,2,scanner-v2,338883f9-ec46-40f5-8e49-4bef7529a44e,d20a84c3-2d87-4bf9-97da-6d5619737e48,COMPLETED,2026-10-07T17:44:15.347039300Z,2026-10-07T17:44:32.251461900Z,16909,15517,64,58,6,6,71,17,17,0,0,0,true,200,https://pages.stefanini.com/pt-br,https://pages.stefanini.com/pt-br,COMPLETE,,,,,9229,2794,2794,true,false,12,[],[]
KC-093,Bosch Brasil,https://www.bosch.com.br/,Empresas e instituições,Seleção intencional por quota e diversidade de atividade. Indústria e tecnologia; página institucional brasileira. Página inicial oficial preferencial; sem avaliação de acessibilidade.,2026-10-07,verificado,"Homepage oficial consultada na pesquisa web, com conteúdo público sem autenticação.",2,scanner-v2,338883f9-ec46-40f5-8e49-4bef7529a44e,3ccaa89c-0109-4b11-9486-107dc2fe3970,COMPLETED,2026-10-07T17:44:32.563364300Z,2026-10-07T17:44:49.735898100Z,17169,16146,77,77,0,0,100,0,0,0,0,0,true,200,https://www.bosch.com.br/,https://www.bosch.com.br/,COMPLETE,,,,,11799,4517,4517,true,false,0,[],[]
KC-094,Siemens Brasil,https://www.siemens.com/pt-br/,Empresas e instituições,Seleção intencional por quota e diversidade de atividade. Indústria e tecnologia; página institucional brasileira. Página inicial oficial preferencial; sem avaliação de acessibilidade.,2026-10-07,verificado,Homepage oficial respondeu HTTP 200 com HTML e identificação da organização; consulta sem autenticação.,2,scanner-v2,338883f9-ec46-40f5-8e49-4bef7529a44e,c2152b15-e595-4bb8-b386-1bc7a3b5b8ea,FAILED,2026-10-07T17:44:50.115623300Z,2026-10-07T17:44:55.034886900Z,4919,4421,,,,,,,,,,,false,405,https://www.siemens.com/pt-br/,https://www.siemens.com/pt-br/,NAVIGATION,INACCESSIBLE,Resposta HTTP 405.,,,4064,,,,,,[],[]
KC-095,IBGE,https://www.ibge.gov.br/,Empresas e instituições,Seleção intencional por quota e diversidade de atividade. Instituição pública de estatística. Página inicial oficial preferencial; sem avaliação de acessibilidade.,2026-10-07,verificado,Homepage oficial respondeu HTTP 200 com HTML e identificação da organização; consulta sem autenticação.,2,scanner-v2,338883f9-ec46-40f5-8e49-4bef7529a44e,ef33391c-4646-4f5d-82ba-39b3d765f1cf,COMPLETED,2026-10-07T17:44:55.549802300Z,2026-10-07T17:45:10.828530300Z,15276,13991,153,137,16,16,97,4,4,0,0,0,true,200,https://www.ibge.gov.br/,https://www.ibge.gov.br/,COMPLETE,,,,,8299,6000,6000,true,false,2,[],[]
KC-096,INPE,https://www.gov.br/inpe/pt-br,Empresas e instituições,Seleção intencional por quota e diversidade de atividade. Instituição pública de pesquisa espacial. Página inicial oficial preferencial; sem avaliação de acessibilidade.,2026-10-07,verificado_com_ressalva,Instituição distinta de INPA; gov.br é plataforma compartilhada. Selecionada a homepage institucional /inpe/pt-br.,2,scanner-v2,338883f9-ec46-40f5-8e49-4bef7529a44e,0ddf8261-b668-40e1-9d59-349d9d812772,COMPLETED,2026-10-07T17:45:11.117459100Z,2026-10-07T17:45:26.844622400Z,15727,14614,153,147,6,6,100,0,0,0,0,0,true,200,https://www.gov.br/inpe/pt-br,https://www.gov.br/inpe/pt-br,COMPLETE,,,,,7991,7950,7950,true,false,0,[],[]
KC-097,INPA,https://www.gov.br/inpa/pt-br,Empresas e instituições,Seleção intencional por quota e diversidade de atividade. Instituição pública de pesquisa amazônica. Página inicial oficial preferencial; sem avaliação de acessibilidade.,2026-10-07,verificado_com_ressalva,Instituição distinta de INPE; gov.br é plataforma compartilhada. Selecionada a homepage institucional /inpa/pt-br.,2,scanner-v2,338883f9-ec46-40f5-8e49-4bef7529a44e,6daed385-6b82-4f7a-a6f0-0c3a33616b23,COMPLETED,2026-10-07T17:45:27.198297700Z,2026-10-07T17:45:53.682779300Z,26484,24741,239,234,5,5,86,33,33,0,0,0,true,200,https://www.gov.br/inpa/pt-br,https://www.gov.br/inpa/pt-br,COMPLETE,,,,,11315,8249,8249,true,false,25,[],[]
KC-098,Embrapa,https://www.embrapa.br/,Empresas e instituições,Seleção intencional por quota e diversidade de atividade. Instituição pública de pesquisa agropecuária. Página inicial oficial preferencial; sem avaliação de acessibilidade.,2026-10-07,verificado,Homepage oficial respondeu HTTP 200 com HTML e identificação da organização; consulta sem autenticação.,2,scanner-v2,338883f9-ec46-40f5-8e49-4bef7529a44e,b7ef48f4-e5ba-473f-9570-a7ef12bdb391,COMPLETED,2026-10-07T17:45:53.986674Z,2026-10-07T17:46:15.395796600Z,21409,19758,159,151,8,8,87,20,20,0,0,0,true,200,https://www.embrapa.br/,https://www.embrapa.br/,COMPLETE,,,,,8840,5557,5557,true,false,10,[],[]
KC-099,Instituto Butantan,https://butantan.gov.br/,Empresas e instituições,Seleção intencional por quota e diversidade de atividade. Instituição pública de pesquisa e saúde. Página inicial oficial preferencial; sem avaliação de acessibilidade.,2026-10-07,verificado_com_ressalva,"Homepage oficial consultada na pesquisa web, com conteúdo público sem autenticação. Consulta HTTP: 403; confirmação pelo conteúdo da pesquisa web.",2,scanner-v2,338883f9-ec46-40f5-8e49-4bef7529a44e,37947e49-2df7-4202-8bd2-ea415f91882c,FAILED,2026-10-07T17:46:15.672956800Z,2026-10-07T17:46:18.882893100Z,3209,2704,,,,,,,,,,,false,403,https://butantan.gov.br/,https://butantan.gov.br/,NAVIGATION,INACCESSIBLE,Resposta HTTP 403.,,,2329,,,,,,[],[]
KC-100,WWF-Brasil,https://www.wwf.org.br/,Empresas e instituições,Seleção intencional por quota e diversidade de atividade. Organização da sociedade civil; conservação ambiental. Página inicial oficial preferencial; sem avaliação de acessibilidade.,2026-10-07,verificado,Homepage oficial respondeu HTTP 200 com HTML e identificação da organização; consulta sem autenticação.,2,scanner-v2,338883f9-ec46-40f5-8e49-4bef7529a44e,160e58bb-13f0-4e69-83f3-9b623284e5fb,COMPLETED,2026-10-07T17:46:19.413680500Z,2026-10-07T17:46:51.520155800Z,32106,30291,121,117,4,4,42,68,68,0,0,0,true,200,https://www.wwf.org.br/,https://www.wwf.org.br/,COMPLETE,,,,,12088,6549,6549,true,false,3,[],[]
