"id","site","url","categoria","criterio_selecao","data_selecao","status_verificacao","observacao"
"KC-001","Magazine Luiza","https://www.magazineluiza.com.br/","E-commerce","Seleção intencional por quota e diversidade de atividade. Varejo generalista; Grupo Magalu. Página inicial oficial preferencial; sem avaliação de acessibilidade.","2026-10-07","verificado_com_ressalva","Navegador confirmou ofertas e categorias públicas. HTTP 403; login opcional para conta e compra."
"KC-002","Lupo","https://www.lupo.com.br/","E-commerce","Seleção intencional por quota e diversidade de atividade. Vestuário íntimo e meias; loja oficial de fabricante. Página inicial oficial preferencial; sem avaliação de acessibilidade.","2026-10-07","verificado","Homepage oficial consultada na pesquisa web, com conteúdo público sem autenticação."
"KC-003","Americanas","https://www.americanas.com.br/","E-commerce","Seleção intencional por quota e diversidade de atividade. Varejo generalista e marketplace. Página inicial oficial preferencial; sem avaliação de acessibilidade.","2026-10-07","verificado","Homepage oficial consultada na pesquisa web, com conteúdo público sem autenticação."
"KC-004","TerabyteShop","https://www.terabyteshop.com.br/","E-commerce","Seleção intencional por quota e diversidade de atividade. Hardware e informática. Página inicial oficial preferencial; sem avaliação de acessibilidade.","2026-10-07","verificado_com_ressalva","Homepage oficial consultada na pesquisa web, com conteúdo público sem autenticação. Consulta HTTP: 403; confirmação pelo conteúdo da pesquisa web."
"KC-005","Tramontina Store","https://www.tramontina.com.br/","E-commerce","Seleção intencional por quota e diversidade de atividade. Utilidades domésticas e ferramentas; loja oficial de fabricante. Página inicial oficial preferencial; sem avaliação de acessibilidade.","2026-10-07","verificado","Homepage oficial consultada na pesquisa web, com conteúdo público sem autenticação."
"KC-006","Natura","https://www.natura.com.br/","E-commerce","Seleção intencional por quota e diversidade de atividade. Cosméticos e perfumaria; loja oficial. Página inicial oficial preferencial; sem avaliação de acessibilidade.","2026-10-07","verificado","Homepage oficial consultada na pesquisa web, com conteúdo público sem autenticação."
"KC-007","Leroy Merlin Brasil","https://www.leroymerlin.com.br/","E-commerce","Seleção intencional por quota e diversidade de atividade. Materiais de construção; grupo ADEO. Página inicial oficial preferencial; sem avaliação de acessibilidade.","2026-10-07","verificado_com_ressalva","Homepage oficial consultada na pesquisa web, com conteúdo público sem autenticação. Consulta HTTP: 403; confirmação pelo conteúdo da pesquisa web."
"KC-008","MadeiraMadeira","https://www.madeiramadeira.com.br/","E-commerce","Seleção intencional por quota e diversidade de atividade. Móveis e decoração. Página inicial oficial preferencial; sem avaliação de acessibilidade.","2026-10-07","verificado","Homepage oficial consultada na pesquisa web, com conteúdo público sem autenticação."
"KC-009","Cobasi","https://www.cobasi.com.br/","E-commerce","Seleção intencional por quota e diversidade de atividade. Produtos para animais; somente uma marca do grupo. Página inicial oficial preferencial; sem avaliação de acessibilidade.","2026-10-07","verificado","Homepage oficial consultada na pesquisa web, com conteúdo público sem autenticação."
"KC-010","Le Postiche","https://www.lepostiche.com.br/","E-commerce","Seleção intencional por quota e diversidade de atividade. Bolsas, mochilas e artigos de viagem. Página inicial oficial preferencial; sem avaliação de acessibilidade.","2026-10-07","verificado","Homepage oficial consultada na pesquisa web, com conteúdo público sem autenticação."
"KC-011","Centauro","https://www.centauro.com.br/","E-commerce","Seleção intencional por quota e diversidade de atividade. Artigos esportivos; Grupo SBF. Página inicial oficial preferencial; sem avaliação de acessibilidade.","2026-10-07","verificado_com_ressalva","Homepage oficial consultada na pesquisa web, com conteúdo público sem autenticação. Consulta HTTP: 403; confirmação pelo conteúdo da pesquisa web."
"KC-012","Lojas Renner","https://www.lojasrenner.com.br/","E-commerce","Seleção intencional por quota e diversidade de atividade. Moda e vestuário. Página inicial oficial preferencial; sem avaliação de acessibilidade.","2026-10-07","verificado","Homepage oficial consultada na pesquisa web, com conteúdo público sem autenticação."
"KC-013","C&A Brasil","https://www.cea.com.br/","E-commerce","Seleção intencional por quota e diversidade de atividade. Moda e vestuário. Página inicial oficial preferencial; sem avaliação de acessibilidade.","2026-10-07","verificado","Homepage oficial respondeu HTTP 200 com HTML e identificação da organização; consulta sem autenticação."
"KC-014","Bagaggio","https://www.bagaggio.com.br/","E-commerce","Seleção intencional por quota e diversidade de atividade. Malas e acessórios de viagem; varejista especializado. Página inicial oficial preferencial; sem avaliação de acessibilidade.","2026-10-07","verificado","Homepage oficial consultada na pesquisa web, com conteúdo público sem autenticação."
"KC-015","Havan","https://www.havan.com.br/","E-commerce","Seleção intencional por quota e diversidade de atividade. Varejo de departamentos. Página inicial oficial preferencial; sem avaliação de acessibilidade.","2026-10-07","verificado","Homepage oficial consultada na pesquisa web, com conteúdo público sem autenticação."
"KC-016","Drogaria Araujo","https://www.araujo.com.br/","E-commerce","Seleção intencional por quota e diversidade de atividade. Farmácia e varejo de saúde; organização de origem mineira. Página inicial oficial preferencial; sem avaliação de acessibilidade.","2026-10-07","verificado_com_ressalva","Homepage pública confirmada em pesquisa oficial (1555 linhas). Consultas posteriores retornaram 403; disponibilidade variável."
"KC-017","Panvel","https://www.panvel.com/","E-commerce","Seleção intencional por quota e diversidade de atividade. Farmácia; Grupo Dimed. Página inicial oficial preferencial; sem avaliação de acessibilidade.","2026-10-07","verificado_com_ressalva","Homepage oficial consultada na pesquisa web, com conteúdo público sem autenticação. Consulta HTTP: 403; confirmação pelo conteúdo da pesquisa web."
"KC-018","Livraria da Travessa","https://www.travessa.com.br/","E-commerce","Seleção intencional por quota e diversidade de atividade. Livros e publicações. Página inicial oficial preferencial; sem avaliação de acessibilidade.","2026-10-07","verificado","Homepage oficial consultada na pesquisa web, com conteúdo público sem autenticação."
"KC-019","Kalunga","https://www.kalunga.com.br/","E-commerce","Seleção intencional por quota e diversidade de atividade. Papelaria e suprimentos. Página inicial oficial preferencial; sem avaliação de acessibilidade.","2026-10-07","verificado","Homepage oficial consultada na pesquisa web, com conteúdo público sem autenticação."
"KC-020","Wine","https://www.wine.com.br/","E-commerce","Seleção intencional por quota e diversidade de atividade. Vinhos e bebidas; página pública da loja. Página inicial oficial preferencial; sem avaliação de acessibilidade.","2026-10-07","verificado","Homepage oficial consultada na pesquisa web, com conteúdo público sem autenticação."
"KC-021","Universidade de São Paulo","https://www5.usp.br/","Educação","Seleção intencional por quota e diversidade de atividade. Universidade pública estadual; Sudeste. Página inicial oficial preferencial; sem avaliação de acessibilidade.","2026-10-07","verificado","Homepage oficial consultada na pesquisa web, com conteúdo público sem autenticação."
"KC-022","Universidade Estadual de Campinas","https://www.unicamp.br/","Educação","Seleção intencional por quota e diversidade de atividade. Universidade pública estadual; Sudeste. Página inicial oficial preferencial; sem avaliação de acessibilidade.","2026-10-07","verificado","Homepage oficial consultada na pesquisa web, com conteúdo público sem autenticação."
"KC-023","Universidade Federal do Rio de Janeiro","https://ufrj.br/","Educação","Seleção intencional por quota e diversidade de atividade. Universidade pública federal; Sudeste. Página inicial oficial preferencial; sem avaliação de acessibilidade.","2026-10-07","verificado_com_ressalva","HTTP com Accept-Language pt-BR retornou português; consulta web exibiu inglês. Revisar idioma na execução futura."
"KC-024","Universidade Federal de Minas Gerais","https://www.ufmg.br/","Educação","Seleção intencional por quota e diversidade de atividade. Universidade pública federal; Sudeste. Página inicial oficial preferencial; sem avaliação de acessibilidade.","2026-10-07","verificado","Homepage oficial consultada na pesquisa web, com conteúdo público sem autenticação."
"KC-025","Universidade Federal do Rio Grande do Sul","https://www.ufrgs.br/","Educação","Seleção intencional por quota e diversidade de atividade. Universidade pública federal; Sul. Página inicial oficial preferencial; sem avaliação de acessibilidade.","2026-10-07","verificado","Homepage oficial respondeu HTTP 200 com HTML e identificação da organização; consulta sem autenticação. Redirecionamento observado: https://www.ufrgs.br/site/."
"KC-026","Universidade Federal da Bahia","https://ufba.br/","Educação","Seleção intencional por quota e diversidade de atividade. Universidade pública federal; Nordeste. Página inicial oficial preferencial; sem avaliação de acessibilidade.","2026-10-07","verificado","Homepage oficial consultada na pesquisa web, com conteúdo público sem autenticação."
"KC-027","Universidade Federal do Rio Grande do Norte","https://www.ufrn.br/","Educação","Seleção intencional por quota e diversidade de atividade. Universidade pública federal; Nordeste. Página inicial oficial preferencial; sem avaliação de acessibilidade.","2026-10-07","verificado","Homepage oficial consultada na pesquisa web, com conteúdo público sem autenticação."
"KC-028","Universidade Federal do Ceará","https://www.ufc.br/pt","Educação","Seleção intencional por quota e diversidade de atividade. Universidade pública federal; Nordeste. Página inicial oficial preferencial; sem avaliação de acessibilidade.","2026-10-07","verificado","Homepage oficial consultada na pesquisa web, com conteúdo público sem autenticação."
"KC-029","Universidade Federal do Pará","https://ufpa.br/","Educação","Seleção intencional por quota e diversidade de atividade. Universidade pública federal; Norte. Página inicial oficial preferencial; sem avaliação de acessibilidade.","2026-10-07","verificado","Homepage oficial consultada na pesquisa web, com conteúdo público sem autenticação."
"KC-030","Universidade de Brasília","https://www.unb.br/","Educação","Seleção intencional por quota e diversidade de atividade. Universidade pública federal; Centro-Oeste. Página inicial oficial preferencial; sem avaliação de acessibilidade.","2026-10-07","verificado","Homepage oficial consultada na pesquisa web, com conteúdo público sem autenticação."
"KC-031","PUC-Rio","https://www.puc-rio.br/","Educação","Seleção intencional por quota e diversidade de atividade. Universidade privada comunitária; Sudeste. Página inicial oficial preferencial; sem avaliação de acessibilidade.","2026-10-07","verificado","Homepage oficial consultada na pesquisa web, com conteúdo público sem autenticação."
"KC-032","Universidade Presbiteriana Mackenzie","https://www.mackenzie.br/","Educação","Seleção intencional por quota e diversidade de atividade. Universidade privada; Sudeste. Página inicial oficial preferencial; sem avaliação de acessibilidade.","2026-10-07","verificado","Homepage oficial consultada na pesquisa web, com conteúdo público sem autenticação."
"KC-033","FECAP","https://www.fecap.br/","Educação","Seleção intencional por quota e diversidade de atividade. Instituição privada sem fins lucrativos; educação básica e superior; Sudeste. Página inicial oficial preferencial; sem avaliação de acessibilidade.","2026-10-07","verificado","Homepage oficial consultada na pesquisa web, com conteúdo público sem autenticação."
"KC-034","Universidade Cruzeiro do Sul","https://www.cruzeirodosul.edu.br/","Educação","Seleção intencional por quota e diversidade de atividade. Universidade privada; ensino presencial e a distância; Sudeste. Página inicial oficial preferencial; sem avaliação de acessibilidade.","2026-10-07","verificado","Homepage oficial consultada na pesquisa web, com conteúdo público sem autenticação."
"KC-035","ESPM","https://www.espm.br/","Educação","Seleção intencional por quota e diversidade de atividade. Instituição privada de ensino em comunicação e negócios. Página inicial oficial preferencial; sem avaliação de acessibilidade.","2026-10-07","verificado_com_ressalva","Homepage oficial consultada na pesquisa web, com conteúdo público sem autenticação. Consulta HTTP: 403; confirmação pelo conteúdo da pesquisa web."
"KC-036","Instituto Federal do Ceará","https://portal.ifce.edu.br/","Educação","Seleção intencional por quota e diversidade de atividade. Instituto federal; educação profissional; Nordeste. Página inicial oficial preferencial; sem avaliação de acessibilidade.","2026-10-07","verificado","Homepage oficial consultada na pesquisa web, com conteúdo público sem autenticação."
"KC-037","Universidade Tecnológica Federal do Paraná","https://www.utfpr.edu.br/","Educação","Seleção intencional por quota e diversidade de atividade. Educação superior tecnológica pública; Sul. Página inicial oficial preferencial; sem avaliação de acessibilidade.","2026-10-07","verificado","Homepage oficial consultada na pesquisa web, com conteúdo público sem autenticação."
"KC-038","Fatec São Paulo","https://www.fatecsp.br/","Educação","Seleção intencional por quota e diversidade de atividade. Educação superior tecnológica pública estadual; Sudeste. Página inicial oficial preferencial; sem avaliação de acessibilidade.","2026-10-07","verificado","Homepage oficial consultada na pesquisa web, com conteúdo público sem autenticação."
"KC-039","Colégio Santa Cruz de Araguaína","https://www.colegiosantacruz.g12.br/","Educação","Seleção intencional por quota e diversidade de atividade. Educação básica filantrópica; Tocantins; Norte. Página inicial oficial preferencial; sem avaliação de acessibilidade.","2026-10-07","verificado","Homepage oficial consultada na pesquisa web, com conteúdo público sem autenticação."
"KC-040","Senac São Paulo","https://www.sp.senac.br/","Educação","Seleção intencional por quota e diversidade de atividade. Educação profissional; somente uma unidade do Sistema Senac. Página inicial oficial preferencial; sem avaliação de acessibilidade.","2026-10-07","verificado","Homepage oficial respondeu HTTP 200 com HTML e identificação da organização; consulta sem autenticação."
"KC-041","g1","https://g1.globo.com/","Notícias e conteúdo","Seleção intencional por quota e diversidade de atividade. Portal de notícias generalista; Grupo Globo. Página inicial oficial preferencial; sem avaliação de acessibilidade.","2026-10-07","verificado","Homepage oficial respondeu HTTP 200 com HTML e identificação da organização; consulta sem autenticação. Somente a homepage integra a amostra; artigos internos podem exigir assinatura."
"KC-042","Folha de S.Paulo","https://www.folha.uol.com.br/","Notícias e conteúdo","Seleção intencional por quota e diversidade de atividade. Jornal de notícias generalista; Grupo Folha. Página inicial oficial preferencial; sem avaliação de acessibilidade.","2026-10-07","verificado","Homepage oficial consultada na pesquisa web, com conteúdo público sem autenticação. Somente a homepage integra a amostra; artigos internos podem exigir assinatura."
"KC-043","Estadão","https://www.estadao.com.br/","Notícias e conteúdo","Seleção intencional por quota e diversidade de atividade. Jornal de notícias generalista; Grupo Estado. Página inicial oficial preferencial; sem avaliação de acessibilidade.","2026-10-07","verificado","Homepage oficial respondeu HTTP 200 com HTML e identificação da organização; consulta sem autenticação. Somente a homepage integra a amostra; artigos internos podem exigir assinatura."
"KC-044","BBC News Brasil","https://www.bbc.com/portuguese","Notícias e conteúdo","Seleção intencional por quota e diversidade de atividade. Notícias internacionais em português; edição Brasil. Página inicial oficial preferencial; sem avaliação de acessibilidade.","2026-10-07","verificado_com_ressalva","Organização internacional; página inicial da edição em português para o Brasil."
"KC-045","DW Brasil","https://www.dw.com/pt-br/not%C3%ADcias/s-7111","Notícias e conteúdo","Seleção intencional por quota e diversidade de atividade. Notícias internacionais em português; edição Brasil. Página inicial oficial preferencial; sem avaliação de acessibilidade.","2026-10-07","verificado_com_ressalva","Organização internacional; página inicial da edição em português para o Brasil."
"KC-046","Agência Brasil","https://agenciabrasil.ebc.com.br/","Notícias e conteúdo","Seleção intencional por quota e diversidade de atividade. Agência pública de notícias; EBC. Página inicial oficial preferencial; sem avaliação de acessibilidade.","2026-10-07","verificado","Homepage oficial respondeu HTTP 200 com HTML e identificação da organização; consulta sem autenticação. Somente a homepage integra a amostra; artigos internos podem exigir assinatura."
"KC-047","O TEMPO","https://www.otempo.com.br/","Notícias e conteúdo","Seleção intencional por quota e diversidade de atividade. Jornalismo regional; Minas Gerais; Sempre Editora. Página inicial oficial preferencial; sem avaliação de acessibilidade.","2026-10-07","verificado","Homepage oficial consultada na pesquisa web, com conteúdo público sem autenticação. Somente a homepage integra a amostra; artigos internos podem exigir assinatura."
"KC-048","Agência Pública","https://apublica.org/","Notícias e conteúdo","Seleção intencional por quota e diversidade de atividade. Jornalismo investigativo. Página inicial oficial preferencial; sem avaliação de acessibilidade.","2026-10-07","verificado","Homepage oficial consultada na pesquisa web, com conteúdo público sem autenticação. Somente a homepage integra a amostra; artigos internos podem exigir assinatura."
"KC-049","Aos Fatos","https://www.aosfatos.org/","Notícias e conteúdo","Seleção intencional por quota e diversidade de atividade. Jornalismo e checagem de fatos. Página inicial oficial preferencial; sem avaliação de acessibilidade.","2026-10-07","verificado","Homepage oficial consultada na pesquisa web, com conteúdo público sem autenticação. Somente a homepage integra a amostra; artigos internos podem exigir assinatura."
"KC-050","Congresso em Foco","https://www.congressoemfoco.com.br/","Notícias e conteúdo","Seleção intencional por quota e diversidade de atividade. Cobertura de política; organização editorial própria. Página inicial oficial preferencial; sem avaliação de acessibilidade.","2026-10-07","verificado","Homepage oficial consultada na pesquisa web, com conteúdo público sem autenticação. Somente a homepage integra a amostra; artigos internos podem exigir assinatura."
"KC-051","Poder360","https://www.poder360.com.br/","Notícias e conteúdo","Seleção intencional por quota e diversidade de atividade. Cobertura de política e economia. Página inicial oficial preferencial; sem avaliação de acessibilidade.","2026-10-07","verificado","Homepage oficial consultada na pesquisa web, com conteúdo público sem autenticação. Somente a homepage integra a amostra; artigos internos podem exigir assinatura."
"KC-052","Jornal Opção","https://www.jornalopcao.com.br/","Notícias e conteúdo","Seleção intencional por quota e diversidade de atividade. Jornalismo regional e política; Goiás. Página inicial oficial preferencial; sem avaliação de acessibilidade.","2026-10-07","verificado","Homepage oficial consultada na pesquisa web, com conteúdo público sem autenticação. Somente a homepage integra a amostra; artigos internos podem exigir assinatura."
"KC-053","Intercept Brasil","https://www.intercept.com.br/","Notícias e conteúdo","Seleção intencional por quota e diversidade de atividade. Jornalismo investigativo. Página inicial oficial preferencial; sem avaliação de acessibilidade.","2026-10-07","verificado_com_ressalva","Homepage oficial consultada na pesquisa web, com conteúdo público sem autenticação. Consulta HTTP: 403; confirmação pelo conteúdo da pesquisa web. Somente a homepage integra a amostra; artigos internos podem exigir assinatura."
"KC-054","Brasil de Fato","https://www.brasildefato.com.br/","Notícias e conteúdo","Seleção intencional por quota e diversidade de atividade. Notícias e conteúdo editorial. Página inicial oficial preferencial; sem avaliação de acessibilidade.","2026-10-07","verificado","Homepage oficial consultada na pesquisa web, com conteúdo público sem autenticação. Somente a homepage integra a amostra; artigos internos podem exigir assinatura."
"KC-055","CartaCapital","https://www.cartacapital.com.br/","Notícias e conteúdo","Seleção intencional por quota e diversidade de atividade. Revista de notícias e opinião. Página inicial oficial preferencial; sem avaliação de acessibilidade.","2026-10-07","verificado","Homepage oficial consultada na pesquisa web, com conteúdo público sem autenticação. Somente a homepage integra a amostra; artigos internos podem exigir assinatura."
"KC-056","Jornal do Comércio (RS)","https://www.jornaldocomercio.com/","Notícias e conteúdo","Seleção intencional por quota e diversidade de atividade. Jornalismo econômico e regional; Rio Grande do Sul. Página inicial oficial preferencial; sem avaliação de acessibilidade.","2026-10-07","verificado","Homepage oficial consultada na pesquisa web, com conteúdo público sem autenticação. Somente a homepage integra a amostra; artigos internos podem exigir assinatura."
"KC-057","((o))eco","https://oeco.org.br/","Notícias e conteúdo","Seleção intencional por quota e diversidade de atividade. Jornalismo ambiental. Página inicial oficial preferencial; sem avaliação de acessibilidade.","2026-10-07","verificado","Homepage oficial consultada na pesquisa web, com conteúdo público sem autenticação. Somente a homepage integra a amostra; artigos internos podem exigir assinatura."
"KC-058","Opera Mundi","https://operamundi.uol.com.br/","Notícias e conteúdo","Seleção intencional por quota e diversidade de atividade. Notícias internacionais; organização editorial própria. Página inicial oficial preferencial; sem avaliação de acessibilidade.","2026-10-07","verificado_com_ressalva","Editora própria: Última Instância Editorial Ltda.; parceria com UOL não equivale à organização Folha. Fonte: https://operamundi.uol.com.br/sobre-opera-mundi/"
"KC-059","Diário do Nordeste","https://diariodonordeste.verdesmares.com.br/","Notícias e conteúdo","Seleção intencional por quota e diversidade de atividade. Jornalismo regional; Ceará; Grupo Edson Queiroz. Página inicial oficial preferencial; sem avaliação de acessibilidade.","2026-10-07","verificado","Homepage oficial consultada na pesquisa web, com conteúdo público sem autenticação. Somente a homepage integra a amostra; artigos internos podem exigir assinatura."
"KC-060","Correio Braziliense","https://www.correiobraziliense.com.br/","Notícias e conteúdo","Seleção intencional por quota e diversidade de atividade. Jornalismo regional; Distrito Federal; Diários Associados. Página inicial oficial preferencial; sem avaliação de acessibilidade.","2026-10-07","verificado","Homepage oficial consultada na pesquisa web, com conteúdo público sem autenticação. Somente a homepage integra a amostra; artigos internos podem exigir assinatura."
"KC-061","Omie","https://www.omie.com.br/","Serviços","Seleção intencional por quota e diversidade de atividade. Software de gestão empresarial como serviço; homepage pública. Página inicial oficial preferencial; sem avaliação de acessibilidade.","2026-10-07","verificado_com_ressalva","Classificação a revisar: Serviços pelo software oferecido como serviço; homepage também corporativa. Conteúdo informativo público; login para uso do aplicativo contratado."
"KC-062","Sabesp","https://www.sabesp.com.br/","Serviços","Seleção intencional por quota e diversidade de atividade. Serviços de água e saneamento; São Paulo. Página inicial oficial preferencial; sem avaliação de acessibilidade.","2026-10-07","verificado","Homepage oficial consultada na pesquisa web, com conteúdo público sem autenticação."
"KC-063","Itaú","https://www.itau.com.br/","Serviços","Seleção intencional por quota e diversidade de atividade. Serviços bancários; página pública informativa. Página inicial oficial preferencial; sem avaliação de acessibilidade.","2026-10-07","verificado_com_ressalva","Homepage oficial consultada na pesquisa web, com conteúdo público sem autenticação. Consulta HTTP: 403; confirmação pelo conteúdo da pesquisa web."
"KC-064","Cemig","https://www.cemig.com.br/","Serviços","Seleção intencional por quota e diversidade de atividade. Serviços de energia elétrica; Minas Gerais. Página inicial oficial preferencial; sem avaliação de acessibilidade.","2026-10-07","verificado","Homepage oficial consultada na pesquisa web, com conteúdo público sem autenticação."
"KC-065","Santander Brasil","https://www.santander.com.br/","Serviços","Seleção intencional por quota e diversidade de atividade. Serviços bancários; página pública informativa. Página inicial oficial preferencial; sem avaliação de acessibilidade.","2026-10-07","verificado_com_ressalva","Homepage oficial consultada na pesquisa web, com conteúdo público sem autenticação. Consulta HTTP: 403; confirmação pelo conteúdo da pesquisa web."
"KC-066","Nubank","https://nubank.com.br/","Serviços","Seleção intencional por quota e diversidade de atividade. Serviços financeiros digitais; página pública. Página inicial oficial preferencial; sem avaliação de acessibilidade.","2026-10-07","verificado","Homepage oficial consultada na pesquisa web, com conteúdo público sem autenticação."
"KC-067","Banco Inter","https://inter.co/","Serviços","Seleção intencional por quota e diversidade de atividade. Serviços financeiros digitais; página pública. Página inicial oficial preferencial; sem avaliação de acessibilidade.","2026-10-07","verificado","Homepage oficial consultada na pesquisa web, com conteúdo público sem autenticação."
"KC-068","Vivo","https://vivo.com.br/para-voce","Serviços","Seleção intencional por quota e diversidade de atividade. Telecomunicações; Telefônica. Página inicial oficial preferencial; sem avaliação de acessibilidade.","2026-10-07","verificado_com_ressalva","Homepage oficial consultada na pesquisa web, com conteúdo público sem autenticação. Consulta HTTP: 403; confirmação pelo conteúdo da pesquisa web."
"KC-069","Claro","https://www.claro.com.br/","Serviços","Seleção intencional por quota e diversidade de atividade. Telecomunicações; América Móvil. Página inicial oficial preferencial; sem avaliação de acessibilidade.","2026-10-07","verificado","Homepage oficial respondeu HTTP 200 com HTML e identificação da organização; consulta sem autenticação."
"KC-070","TIM Brasil","https://www.tim.com.br/rj","Serviços","Seleção intencional por quota e diversidade de atividade. Telecomunicações. Página inicial oficial preferencial; sem avaliação de acessibilidade.","2026-10-07","verificado_com_ressalva","URL regional RJ obtida por redirecionamento oficial; conteúdo pode variar por localização."
"KC-071","LATAM Brasil","https://www.latamairlines.com/br/pt","Serviços","Seleção intencional por quota e diversidade de atividade. Transporte aéreo; edição brasileira. Página inicial oficial preferencial; sem avaliação de acessibilidade.","2026-10-07","verificado_com_ressalva","Homepage oficial consultada na pesquisa web, com conteúdo público sem autenticação. Consulta HTTP: falha de conexão; confirmação pelo conteúdo da pesquisa web."
"KC-072","GOL","https://www.voegol.com.br/","Serviços","Seleção intencional por quota e diversidade de atividade. Transporte aéreo; Grupo Abra. Página inicial oficial preferencial; sem avaliação de acessibilidade.","2026-10-07","verificado","Homepage oficial consultada na pesquisa web, com conteúdo público sem autenticação."
"KC-073","Neoenergia","https://www.neoenergia.com/","Serviços","Seleção intencional por quota e diversidade de atividade. Serviços de energia elétrica; operações em diferentes estados. Página inicial oficial preferencial; sem avaliação de acessibilidade.","2026-10-07","verificado","Homepage oficial consultada na pesquisa web, com conteúdo público sem autenticação."
"KC-074","Correios","https://www.correios.com.br/","Serviços","Seleção intencional por quota e diversidade de atividade. Serviços postais e logística. Página inicial oficial preferencial; sem avaliação de acessibilidade.","2026-10-07","verificado","Homepage oficial consultada na pesquisa web, com conteúdo público sem autenticação."
"KC-075","Localiza","https://www.localiza.com/brasil/pt-br","Serviços","Seleção intencional por quota e diversidade de atividade. Locação de veículos. Página inicial oficial preferencial; sem avaliação de acessibilidade.","2026-10-07","verificado","Homepage oficial consultada na pesquisa web, com conteúdo público sem autenticação."
"KC-076","Movida","https://www.movida.com.br/","Serviços","Seleção intencional por quota e diversidade de atividade. Locação de veículos; Grupo Simpar. Página inicial oficial preferencial; sem avaliação de acessibilidade.","2026-10-07","verificado_com_ressalva","Homepage oficial consultada na pesquisa web, com conteúdo público sem autenticação. Consulta HTTP: 403; confirmação pelo conteúdo da pesquisa web."
"KC-077","Sanepar","https://www.sanepar.com.br/","Serviços","Seleção intencional por quota e diversidade de atividade. Serviços de água e saneamento; Paraná. Página inicial oficial preferencial; sem avaliação de acessibilidade.","2026-10-07","verificado","Homepage oficial consultada na pesquisa web, com conteúdo público sem autenticação."
"KC-078","Unimed do Brasil","https://www.unimed.coop.br/site/","Serviços","Seleção intencional por quota e diversidade de atividade. Serviços e informações de saúde; confederação nacional. Página inicial oficial preferencial; sem avaliação de acessibilidade.","2026-10-07","verificado_com_ressalva","Classificação a revisar: confederação nacional de cooperativas de saúde. Serviços pelo setor de atuação; homepage também institucional."
"KC-079","Serasa","https://www.serasa.com.br/","Serviços","Seleção intencional por quota e diversidade de atividade. Serviços de informação de crédito; Experian. Página inicial oficial preferencial; sem avaliação de acessibilidade.","2026-10-07","verificado","Homepage oficial respondeu HTTP 200 com HTML e identificação da organização; consulta sem autenticação."
"KC-080","Conta Azul","https://contaazul.com/","Serviços","Seleção intencional por quota e diversidade de atividade. Software de gestão empresarial como serviço. Página inicial oficial preferencial; sem avaliação de acessibilidade.","2026-10-07","verificado_com_ressalva","Classificação a revisar: Serviços pelo software oferecido como serviço; homepage também corporativa. Conteúdo informativo público; login para uso do aplicativo contratado."
"KC-081","Petrobras","https://petrobras.com.br/","Empresas e instituições","Seleção intencional por quota e diversidade de atividade. Empresa de energia; página institucional. Página inicial oficial preferencial; sem avaliação de acessibilidade.","2026-10-07","verificado","Homepage oficial consultada na pesquisa web, com conteúdo público sem autenticação."
"KC-082","Vale","https://vale.com/pt","Empresas e instituições","Seleção intencional por quota e diversidade de atividade. Empresa de mineração; página institucional em português. Página inicial oficial preferencial; sem avaliação de acessibilidade.","2026-10-07","verificado","Homepage oficial consultada na pesquisa web, com conteúdo público sem autenticação."
"KC-083","Embraer","https://www.embraer.com/pt/","Empresas e instituições","Seleção intencional por quota e diversidade de atividade. Indústria aeronáutica; página institucional. Página inicial oficial preferencial; sem avaliação de acessibilidade.","2026-10-07","verificado","Homepage oficial consultada na pesquisa web, com conteúdo público sem autenticação."
"KC-084","BNDES","https://www.bndes.gov.br/wps/portal/site/home","Empresas e instituições","Seleção intencional por quota e diversidade de atividade. Instituição pública de desenvolvimento; homepage institucional. Página inicial oficial preferencial; sem avaliação de acessibilidade.","2026-10-07","verificado_com_ressalva","Classificação a revisar: banco de desenvolvimento em Empresas e instituições pela missão pública; também presta serviços financeiros."
"KC-085","Randoncorp","https://www.randoncorp.com/pt/","Empresas e instituições","Seleção intencional por quota e diversidade de atividade. Indústria de transporte e autopeças; homepage institucional. Página inicial oficial preferencial; sem avaliação de acessibilidade.","2026-10-07","verificado","Homepage oficial consultada na pesquisa web, com conteúdo público sem autenticação."
"KC-086","Suzano","https://www.suzano.com.br/","Empresas e instituições","Seleção intencional por quota e diversidade de atividade. Papel e celulose; página institucional. Página inicial oficial preferencial; sem avaliação de acessibilidade.","2026-10-07","verificado_com_ressalva","HTTP com preferência pt-BR retornou português; pesquisa web exibiu inglês. Revisar idioma na execução futura."
"KC-087","Klabin","https://klabin.com.br/","Empresas e instituições","Seleção intencional por quota e diversidade de atividade. Papel e embalagens; página institucional. Página inicial oficial preferencial; sem avaliação de acessibilidade.","2026-10-07","verificado","Homepage oficial consultada na pesquisa web, com conteúdo público sem autenticação."
"KC-088","JBS","https://jbs.com.br/","Empresas e instituições","Seleção intencional por quota e diversidade de atividade. Indústria de alimentos; página institucional. Página inicial oficial preferencial; sem avaliação de acessibilidade.","2026-10-07","verificado","Homepage oficial respondeu HTTP 200 com HTML e identificação da organização; consulta sem autenticação. Redirecionamento observado: https://www.jbs.com.br:443/."
"KC-089","Tupy","https://www.tupy.com.br/","Empresas e instituições","Seleção intencional por quota e diversidade de atividade. Indústria metalúrgica; página institucional. Página inicial oficial preferencial; sem avaliação de acessibilidade.","2026-10-07","verificado","Homepage oficial consultada na pesquisa web, com conteúdo público sem autenticação."
"KC-090","Votorantim","https://www.votorantim.com.br/","Empresas e instituições","Seleção intencional por quota e diversidade de atividade. Grupo empresarial; página institucional. Página inicial oficial preferencial; sem avaliação de acessibilidade.","2026-10-07","verificado","Homepage oficial respondeu HTTP 200 com HTML e identificação da organização; consulta sem autenticação."
"KC-091","TOTVS","https://www.totvs.com/","Empresas e instituições","Seleção intencional por quota e diversidade de atividade. Tecnologia empresarial; página corporativa. Página inicial oficial preferencial; sem avaliação de acessibilidade.","2026-10-07","verificado_com_ressalva","Classificação a revisar: homepage corporativa de empresa de tecnologia; também oferece software e serviços."
"KC-092","Stefanini","https://pages.stefanini.com/pt-br","Empresas e instituições","Seleção intencional por quota e diversidade de atividade. Tecnologia e consultoria; página corporativa. Página inicial oficial preferencial; sem avaliação de acessibilidade.","2026-10-07","verificado_com_ressalva","Classificação a revisar: homepage corporativa em português; também presta consultoria e serviços de tecnologia."
"KC-093","Bosch Brasil","https://www.bosch.com.br/","Empresas e instituições","Seleção intencional por quota e diversidade de atividade. Indústria e tecnologia; página institucional brasileira. Página inicial oficial preferencial; sem avaliação de acessibilidade.","2026-10-07","verificado","Homepage oficial consultada na pesquisa web, com conteúdo público sem autenticação."
"KC-094","Siemens Brasil","https://www.siemens.com/pt-br/","Empresas e instituições","Seleção intencional por quota e diversidade de atividade. Indústria e tecnologia; página institucional brasileira. Página inicial oficial preferencial; sem avaliação de acessibilidade.","2026-10-07","verificado","Homepage oficial respondeu HTTP 200 com HTML e identificação da organização; consulta sem autenticação."
"KC-095","IBGE","https://www.ibge.gov.br/","Empresas e instituições","Seleção intencional por quota e diversidade de atividade. Instituição pública de estatística. Página inicial oficial preferencial; sem avaliação de acessibilidade.","2026-10-07","verificado","Homepage oficial respondeu HTTP 200 com HTML e identificação da organização; consulta sem autenticação."
"KC-096","INPE","https://www.gov.br/inpe/pt-br","Empresas e instituições","Seleção intencional por quota e diversidade de atividade. Instituição pública de pesquisa espacial. Página inicial oficial preferencial; sem avaliação de acessibilidade.","2026-10-07","verificado_com_ressalva","Instituição distinta de INPA; gov.br é plataforma compartilhada. Selecionada a homepage institucional /inpe/pt-br."
"KC-097","INPA","https://www.gov.br/inpa/pt-br","Empresas e instituições","Seleção intencional por quota e diversidade de atividade. Instituição pública de pesquisa amazônica. Página inicial oficial preferencial; sem avaliação de acessibilidade.","2026-10-07","verificado_com_ressalva","Instituição distinta de INPE; gov.br é plataforma compartilhada. Selecionada a homepage institucional /inpa/pt-br."
"KC-098","Embrapa","https://www.embrapa.br/","Empresas e instituições","Seleção intencional por quota e diversidade de atividade. Instituição pública de pesquisa agropecuária. Página inicial oficial preferencial; sem avaliação de acessibilidade.","2026-10-07","verificado","Homepage oficial respondeu HTTP 200 com HTML e identificação da organização; consulta sem autenticação."
"KC-099","Instituto Butantan","https://butantan.gov.br/","Empresas e instituições","Seleção intencional por quota e diversidade de atividade. Instituição pública de pesquisa e saúde. Página inicial oficial preferencial; sem avaliação de acessibilidade.","2026-10-07","verificado_com_ressalva","Homepage oficial consultada na pesquisa web, com conteúdo público sem autenticação. Consulta HTTP: 403; confirmação pelo conteúdo da pesquisa web."
"KC-100","WWF-Brasil","https://www.wwf.org.br/","Empresas e instituições","Seleção intencional por quota e diversidade de atividade. Organização da sociedade civil; conservação ambiental. Página inicial oficial preferencial; sem avaliação de acessibilidade.","2026-10-07","verificado","Homepage oficial respondeu HTTP 200 com HTML e identificação da organização; consulta sem autenticação."
