id,site,url,categoria,criterio_selecao,data_selecao,status_verificacao,observacao,study_id,analysis_id,status,score,elementos_avaliados,problemas,contraste,protanopia,deuteranopia,tritanopia,inicio_utc,fim_utc,duracao_linha_ms,duracao_analise_ms,textos_ignorados,coleta_parcial,pares_limitados,recursos_bloqueados,url_final,error_code,error_message
KC-001,Magazine Luiza,https://www.magazineluiza.com.br/,E-commerce,Seleção intencional por quota e diversidade de atividade. Varejo generalista; Grupo Magalu. Página inicial oficial preferencial; sem avaliação de acessibilidade.,2026-10-07,verificado_com_ressalva,Navegador confirmou ofertas e categorias públicas. HTTP 403; login opcional para conta e compra.,8411729c-fa79-4356-b6f9-bc0972fab79f,4b5fc3c7-9b8a-4046-97bb-c2bec281de9e,FAILED,,,,,,,,2026-10-07T13:37:03.022029800Z,2026-10-07T13:37:15.205380200Z,12183,11646,,,,,,INACCESSIBLE,Página inacessível ou resposta HTTP de erro.
KC-002,Lupo,https://www.lupo.com.br/,E-commerce,Seleção intencional por quota e diversidade de atividade. Vestuário íntimo e meias; loja oficial de fabricante. Página inicial oficial preferencial; sem avaliação de acessibilidade.,2026-10-07,verificado,"Homepage oficial consultada na pesquisa web, com conteúdo público sem autenticação.",8411729c-fa79-4356-b6f9-bc0972fab79f,d2fd177d-e6ad-4db8-84ec-544dc7e77a0a,COMPLETED,100,13,0,0,0,0,0,2026-10-07T13:37:15.480864800Z,2026-10-07T13:37:33.726449900Z,18245,17314,7,False,False,33,https://www.lupo.com.br/,,
KC-003,Americanas,https://www.americanas.com.br/,E-commerce,Seleção intencional por quota e diversidade de atividade. Varejo generalista e marketplace. Página inicial oficial preferencial; sem avaliação de acessibilidade.,2026-10-07,verificado,"Homepage oficial consultada na pesquisa web, com conteúdo público sem autenticação.",8411729c-fa79-4356-b6f9-bc0972fab79f,be0cc785-17cd-4dfa-be3d-88269d0920e2,FAILED,,,,,,,,2026-10-07T13:37:33.951274700Z,2026-10-07T13:37:45.373748Z,11415,10942,,,,,,LIMIT_EXCEEDED,A página excede o limite de altura da screenshot.
KC-004,TerabyteShop,https://www.terabyteshop.com.br/,E-commerce,Seleção intencional por quota e diversidade de atividade. Hardware e informática. Página inicial oficial preferencial; sem avaliação de acessibilidade.,2026-10-07,verificado_com_ressalva,"Homepage oficial consultada na pesquisa web, com conteúdo público sem autenticação. Consulta HTTP: 403; confirmação pelo conteúdo da pesquisa web.",8411729c-fa79-4356-b6f9-bc0972fab79f,a9af4f22-852e-408a-93fe-b7a8c6ba9b88,FAILED,,,,,,,,2026-10-07T13:37:45.617394600Z,2026-10-07T13:37:48.513757400Z,2898,2424,,,,,,INACCESSIBLE,Página inacessível ou resposta HTTP de erro.
KC-005,Tramontina Store,https://www.tramontina.com.br/,E-commerce,Seleção intencional por quota e diversidade de atividade. Utilidades domésticas e ferramentas; loja oficial de fabricante. Página inicial oficial preferencial; sem avaliação de acessibilidade.,2026-10-07,verificado,"Homepage oficial consultada na pesquisa web, com conteúdo público sem autenticação.",8411729c-fa79-4356-b6f9-bc0972fab79f,8c314465-fc68-49f5-9b5f-f1df6e3ea0a0,FAILED,,,,,,,,2026-10-07T13:37:48.864517600Z,2026-10-07T13:38:07.870522200Z,19011,18527,,,,,,TIMEOUT,O carregamento da página excedeu o tempo limite.
KC-006,Natura,https://www.natura.com.br/,E-commerce,Seleção intencional por quota e diversidade de atividade. Cosméticos e perfumaria; loja oficial. Página inicial oficial preferencial; sem avaliação de acessibilidade.,2026-10-07,verificado,"Homepage oficial consultada na pesquisa web, com conteúdo público sem autenticação.",8411729c-fa79-4356-b6f9-bc0972fab79f,1d040bec-747f-4d80-9a3b-fe0382581794,FAILED,,,,,,,,2026-10-07T13:38:08.136068Z,2026-10-07T13:38:16.760149Z,8623,8121,,,,,,BROWSER,Não foi possível abrir a página. Verifique a instalação do Chromium e a conectividade.
KC-007,Leroy Merlin Brasil,https://www.leroymerlin.com.br/,E-commerce,Seleção intencional por quota e diversidade de atividade. Materiais de construção; grupo ADEO. Página inicial oficial preferencial; sem avaliação de acessibilidade.,2026-10-07,verificado_com_ressalva,"Homepage oficial consultada na pesquisa web, com conteúdo público sem autenticação. Consulta HTTP: 403; confirmação pelo conteúdo da pesquisa web.",8411729c-fa79-4356-b6f9-bc0972fab79f,30b1c2b1-3d93-4b8f-a001-686426560913,FAILED,,,,,,,,2026-10-07T13:38:17.015239400Z,2026-10-07T13:38:20.927014100Z,3912,3420,,,,,,INACCESSIBLE,Página inacessível ou resposta HTTP de erro.
KC-008,MadeiraMadeira,https://www.madeiramadeira.com.br/,E-commerce,Seleção intencional por quota e diversidade de atividade. Móveis e decoração. Página inicial oficial preferencial; sem avaliação de acessibilidade.,2026-10-07,verificado,"Homepage oficial consultada na pesquisa web, com conteúdo público sem autenticação.",8411729c-fa79-4356-b6f9-bc0972fab79f,5c9b6f37-83df-427e-a12f-f20a8771d90b,COMPLETED,87,92,12,12,0,0,0,2026-10-07T13:38:21.247964800Z,2026-10-07T13:38:44.477099200Z,23229,21874,0,False,False,46,https://www.madeiramadeira.com.br/,,
KC-009,Cobasi,https://www.cobasi.com.br/,E-commerce,Seleção intencional por quota e diversidade de atividade. Produtos para animais; somente uma marca do grupo. Página inicial oficial preferencial; sem avaliação de acessibilidade.,2026-10-07,verificado,"Homepage oficial consultada na pesquisa web, com conteúdo público sem autenticação.",8411729c-fa79-4356-b6f9-bc0972fab79f,f047ad27-9abb-4274-ae5c-2905bf2b6412,COMPLETED,71,761,218,218,0,0,0,2026-10-07T13:38:44.722822700Z,2026-10-07T13:39:54.472836100Z,69760,60993,0,False,False,49,https://www.cobasi.com.br/,,
KC-010,Le Postiche,https://www.lepostiche.com.br/,E-commerce,"Seleção intencional por quota e diversidade de atividade. Bolsas, mochilas e artigos de viagem. Página inicial oficial preferencial; sem avaliação de acessibilidade.",2026-10-07,verificado,"Homepage oficial consultada na pesquisa web, com conteúdo público sem autenticação.",8411729c-fa79-4356-b6f9-bc0972fab79f,2c62bab0-c3cb-4a7a-be42-bb8feda013a9,COMPLETED,90,124,12,12,0,0,0,2026-10-07T13:39:54.711123700Z,2026-10-07T13:40:17.220530200Z,22498,21157,0,False,False,21,https://www.lepostiche.com.br/,,
KC-011,Centauro,https://www.centauro.com.br/,E-commerce,Seleção intencional por quota e diversidade de atividade. Artigos esportivos; Grupo SBF. Página inicial oficial preferencial; sem avaliação de acessibilidade.,2026-10-07,verificado_com_ressalva,"Homepage oficial consultada na pesquisa web, com conteúdo público sem autenticação. Consulta HTTP: 403; confirmação pelo conteúdo da pesquisa web.",8411729c-fa79-4356-b6f9-bc0972fab79f,3fb2c72b-083c-4dba-a883-7c5bd86e207d,FAILED,,,,,,,,2026-10-07T13:40:17.457104900Z,2026-10-07T13:40:19.579761400Z,2120,1659,,,,,,INACCESSIBLE,Página inacessível ou resposta HTTP de erro.
KC-012,Lojas Renner,https://www.lojasrenner.com.br/,E-commerce,Seleção intencional por quota e diversidade de atividade. Moda e vestuário. Página inicial oficial preferencial; sem avaliação de acessibilidade.,2026-10-07,verificado,"Homepage oficial consultada na pesquisa web, com conteúdo público sem autenticação.",8411729c-fa79-4356-b6f9-bc0972fab79f,88925aa9-2565-4fac-91af-c1330a84f491,COMPLETED,89,85,9,9,0,0,0,2026-10-07T13:40:19.889928800Z,2026-10-07T13:40:42.521195200Z,22632,21095,0,False,False,0,https://www.lojasrenner.com.br/,,
KC-013,C&A Brasil,https://www.cea.com.br/,E-commerce,Seleção intencional por quota e diversidade de atividade. Moda e vestuário. Página inicial oficial preferencial; sem avaliação de acessibilidade.,2026-10-07,verificado,Homepage oficial respondeu HTTP 200 com HTML e identificação da organização; consulta sem autenticação.,8411729c-fa79-4356-b6f9-bc0972fab79f,a1862cc2-24ba-44a1-b406-2720eb377f48,FAILED,,,,,,,,2026-10-07T13:40:42.785057400Z,2026-10-07T13:40:57.529758100Z,14743,14188,,,,,,LIMIT_EXCEEDED,A página excede o limite de altura da screenshot.
KC-014,Bagaggio,https://www.bagaggio.com.br/,E-commerce,Seleção intencional por quota e diversidade de atividade. Malas e acessórios de viagem; varejista especializado. Página inicial oficial preferencial; sem avaliação de acessibilidade.,2026-10-07,verificado,"Homepage oficial consultada na pesquisa web, com conteúdo público sem autenticação.",8411729c-fa79-4356-b6f9-bc0972fab79f,c6bef31f-9d7a-4e50-8c91-89efd15f4e97,COMPLETED,49,119,61,61,0,0,0,2026-10-07T13:40:57.875134200Z,2026-10-07T13:41:28.812436Z,30939,27779,2,False,False,26,https://www.bagaggio.com.br/,,
KC-015,Havan,https://www.havan.com.br/,E-commerce,Seleção intencional por quota e diversidade de atividade. Varejo de departamentos. Página inicial oficial preferencial; sem avaliação de acessibilidade.,2026-10-07,verificado,"Homepage oficial consultada na pesquisa web, com conteúdo público sem autenticação.",8411729c-fa79-4356-b6f9-bc0972fab79f,de2f309c-06f6-495c-9aa4-412da770a354,COMPLETED,96,315,13,12,0,0,1,2026-10-07T13:41:29.054117Z,2026-10-07T13:41:52.058019400Z,22998,19471,3,False,False,7,https://www.havan.com.br/,,
KC-016,Drogaria Araujo,https://www.araujo.com.br/,E-commerce,Seleção intencional por quota e diversidade de atividade. Farmácia e varejo de saúde; organização de origem mineira. Página inicial oficial preferencial; sem avaliação de acessibilidade.,2026-10-07,verificado_com_ressalva,Homepage pública confirmada em pesquisa oficial (1555 linhas). Consultas posteriores retornaram 403; disponibilidade variável.,8411729c-fa79-4356-b6f9-bc0972fab79f,607516f1-5f4c-46c0-bdb8-8d5645ba08d6,FAILED,,,,,,,,2026-10-07T13:41:52.345664Z,2026-10-07T13:41:54.765383700Z,2420,1919,,,,,,INACCESSIBLE,Página inacessível ou resposta HTTP de erro.
KC-017,Panvel,https://www.panvel.com/,E-commerce,Seleção intencional por quota e diversidade de atividade. Farmácia; Grupo Dimed. Página inicial oficial preferencial; sem avaliação de acessibilidade.,2026-10-07,verificado_com_ressalva,"Homepage oficial consultada na pesquisa web, com conteúdo público sem autenticação. Consulta HTTP: 403; confirmação pelo conteúdo da pesquisa web.",8411729c-fa79-4356-b6f9-bc0972fab79f,f14be9d0-bd36-4093-b953-9b251fee6cb7,FAILED,,,,,,,,2026-10-07T13:41:55.109681900Z,2026-10-07T13:41:57.764654200Z,2668,2196,,,,,,INACCESSIBLE,Página inacessível ou resposta HTTP de erro.
KC-018,Livraria da Travessa,https://www.travessa.com.br/,E-commerce,Seleção intencional por quota e diversidade de atividade. Livros e publicações. Página inicial oficial preferencial; sem avaliação de acessibilidade.,2026-10-07,verificado,"Homepage oficial consultada na pesquisa web, com conteúdo público sem autenticação.",8411729c-fa79-4356-b6f9-bc0972fab79f,a17c67a7-b19d-49df-ae0f-d1db2f6e2368,COMPLETED,84,571,92,92,0,0,0,2026-10-07T13:41:58.095361300Z,2026-10-07T13:42:42.424907400Z,44329,32911,1,False,False,16,https://www.travessa.com.br/,,
KC-019,Kalunga,https://www.kalunga.com.br/,E-commerce,Seleção intencional por quota e diversidade de atividade. Papelaria e suprimentos. Página inicial oficial preferencial; sem avaliação de acessibilidade.,2026-10-07,verificado,"Homepage oficial consultada na pesquisa web, com conteúdo público sem autenticação.",8411729c-fa79-4356-b6f9-bc0972fab79f,163d410a-92b0-40b8-aaad-b43d4331861c,COMPLETED,99,146,1,1,0,0,0,2026-10-07T13:42:42.682256600Z,2026-10-07T13:43:04.778013500Z,22101,20994,18,False,False,21,https://www.kalunga.com.br/,,
KC-020,Wine,https://www.wine.com.br/,E-commerce,Seleção intencional por quota e diversidade de atividade. Vinhos e bebidas; página pública da loja. Página inicial oficial preferencial; sem avaliação de acessibilidade.,2026-10-07,verificado,"Homepage oficial consultada na pesquisa web, com conteúdo público sem autenticação.",8411729c-fa79-4356-b6f9-bc0972fab79f,9e3ae4b0-4ce3-4054-a527-46ed0f92ea46,FAILED,,,,,,,,2026-10-07T13:43:05.027512Z,2026-10-07T13:43:31.370823200Z,26339,25864,,,,,,TIMEOUT,O carregamento da página excedeu o tempo limite.
KC-021,Universidade de São Paulo,https://www5.usp.br/,Educação,Seleção intencional por quota e diversidade de atividade. Universidade pública estadual; Sudeste. Página inicial oficial preferencial; sem avaliação de acessibilidade.,2026-10-07,verificado,"Homepage oficial consultada na pesquisa web, com conteúdo público sem autenticação.",8411729c-fa79-4356-b6f9-bc0972fab79f,6c89e053-6538-4f3d-b82c-c0f379708c1b,FAILED,,,,,,,,2026-10-07T13:43:31.712578300Z,2026-10-07T13:43:34.179711900Z,2472,1995,,,,,,INACCESSIBLE,Página inacessível ou resposta HTTP de erro.
KC-022,Universidade Estadual de Campinas,https://www.unicamp.br/,Educação,Seleção intencional por quota e diversidade de atividade. Universidade pública estadual; Sudeste. Página inicial oficial preferencial; sem avaliação de acessibilidade.,2026-10-07,verificado,"Homepage oficial consultada na pesquisa web, com conteúdo público sem autenticação.",8411729c-fa79-4356-b6f9-bc0972fab79f,4345ddd3-3575-495d-8cc4-19f419ce98ad,COMPLETED,67,147,49,49,0,0,0,2026-10-07T13:43:34.507620700Z,2026-10-07T13:44:05.151406900Z,30642,28640,12,False,False,5,https://www.unicamp.br/,,
KC-023,Universidade Federal do Rio de Janeiro,https://ufrj.br/,Educação,Seleção intencional por quota e diversidade de atividade. Universidade pública federal; Sudeste. Página inicial oficial preferencial; sem avaliação de acessibilidade.,2026-10-07,verificado_com_ressalva,HTTP com Accept-Language pt-BR retornou português; consulta web exibiu inglês. Revisar idioma na execução futura.,8411729c-fa79-4356-b6f9-bc0972fab79f,a0cd738d-94e6-4c09-8173-e685d8b178b1,COMPLETED,100,108,0,0,0,0,0,2026-10-07T13:44:05.391434100Z,2026-10-07T13:44:22.044075400Z,16654,15622,2,False,False,3,https://ufrj.br/,,
KC-024,Universidade Federal de Minas Gerais,https://www.ufmg.br/,Educação,Seleção intencional por quota e diversidade de atividade. Universidade pública federal; Sudeste. Página inicial oficial preferencial; sem avaliação de acessibilidade.,2026-10-07,verificado,"Homepage oficial consultada na pesquisa web, com conteúdo público sem autenticação.",8411729c-fa79-4356-b6f9-bc0972fab79f,4fe73be2-4623-44b3-a0a0-c06b25eb3e97,COMPLETED,91,138,12,12,0,0,0,2026-10-07T13:44:22.383168Z,2026-10-07T13:44:46.930825300Z,24539,22228,78,False,False,3,https://www.ufmg.br/,,
KC-025,Universidade Federal do Rio Grande do Sul,https://www.ufrgs.br/,Educação,Seleção intencional por quota e diversidade de atividade. Universidade pública federal; Sul. Página inicial oficial preferencial; sem avaliação de acessibilidade.,2026-10-07,verificado,Homepage oficial respondeu HTTP 200 com HTML e identificação da organização; consulta sem autenticação. Redirecionamento observado: https://www.ufrgs.br/site/.,8411729c-fa79-4356-b6f9-bc0972fab79f,bf703def-a659-4dfa-9d3f-e72e10e99aae,FAILED,,,,,,,,2026-10-07T13:44:47.206752600Z,2026-10-07T13:44:49.722297700Z,2510,2033,,,,,,BLOCKED,Redirecionamento HTTP bloqueado nesta versão. Informe a URL final diretamente.
KC-026,Universidade Federal da Bahia,https://ufba.br/,Educação,Seleção intencional por quota e diversidade de atividade. Universidade pública federal; Nordeste. Página inicial oficial preferencial; sem avaliação de acessibilidade.,2026-10-07,verificado,"Homepage oficial consultada na pesquisa web, com conteúdo público sem autenticação.",8411729c-fa79-4356-b6f9-bc0972fab79f,0aa64a55-245a-471e-91ae-e247e70b304d,FAILED,,,,,,,,2026-10-07T13:44:50.045519100Z,2026-10-07T13:45:10.420683Z,20369,19908,,,,,,TIMEOUT,O carregamento da página excedeu o tempo limite.
KC-027,Universidade Federal do Rio Grande do Norte,https://www.ufrn.br/,Educação,Seleção intencional por quota e diversidade de atividade. Universidade pública federal; Nordeste. Página inicial oficial preferencial; sem avaliação de acessibilidade.,2026-10-07,verificado,"Homepage oficial consultada na pesquisa web, com conteúdo público sem autenticação.",8411729c-fa79-4356-b6f9-bc0972fab79f,c45aa522-162f-4e30-9766-515e62fbd4b5,COMPLETED,95,127,6,6,0,0,0,2026-10-07T13:45:10.740251900Z,2026-10-07T13:45:34.488037600Z,23738,21430,51,False,False,1,https://www.ufrn.br/,,
KC-028,Universidade Federal do Ceará,https://www.ufc.br/pt,Educação,Seleção intencional por quota e diversidade de atividade. Universidade pública federal; Nordeste. Página inicial oficial preferencial; sem avaliação de acessibilidade.,2026-10-07,verificado,"Homepage oficial consultada na pesquisa web, com conteúdo público sem autenticação.",8411729c-fa79-4356-b6f9-bc0972fab79f,b3a99962-ddc2-4da8-ac1a-b6f847b96b26,FAILED,,,,,,,,2026-10-07T13:45:34.805730700Z,2026-10-07T13:45:56.927305800Z,22128,21657,,,,,,TIMEOUT,O carregamento da página excedeu o tempo limite.
KC-029,Universidade Federal do Pará,https://ufpa.br/,Educação,Seleção intencional por quota e diversidade de atividade. Universidade pública federal; Norte. Página inicial oficial preferencial; sem avaliação de acessibilidade.,2026-10-07,verificado,"Homepage oficial consultada na pesquisa web, com conteúdo público sem autenticação.",8411729c-fa79-4356-b6f9-bc0972fab79f,79a452e8-ef21-454f-9706-5bd199982405,FAILED,,,,,,,,2026-10-07T13:45:57.244585300Z,2026-10-07T13:46:17.033786200Z,19780,19304,,,,,,TIMEOUT,O carregamento da página excedeu o tempo limite.
KC-030,Universidade de Brasília,https://www.unb.br/,Educação,Seleção intencional por quota e diversidade de atividade. Universidade pública federal; Centro-Oeste. Página inicial oficial preferencial; sem avaliação de acessibilidade.,2026-10-07,verificado,"Homepage oficial consultada na pesquisa web, com conteúdo público sem autenticação.",8411729c-fa79-4356-b6f9-bc0972fab79f,c6d074c6-fe8c-40b3-b4a9-7df4e3bbe49d,COMPLETED,97,148,4,4,0,0,0,2026-10-07T13:46:17.367018Z,2026-10-07T13:46:32.099503800Z,14742,12692,112,False,False,8,https://www.unb.br/,,
KC-031,PUC-Rio,https://www.puc-rio.br/,Educação,Seleção intencional por quota e diversidade de atividade. Universidade privada comunitária; Sudeste. Página inicial oficial preferencial; sem avaliação de acessibilidade.,2026-10-07,verificado,"Homepage oficial consultada na pesquisa web, com conteúdo público sem autenticação.",8411729c-fa79-4356-b6f9-bc0972fab79f,e3f956df-ee0c-4171-9407-5d686b51fd7a,COMPLETED,94,77,5,5,0,0,0,2026-10-07T13:46:32.363907Z,2026-10-07T13:47:06.003567900Z,33639,32456,12,False,False,51,https://www.puc-rio.br/,,
KC-032,Universidade Presbiteriana Mackenzie,https://www.mackenzie.br/,Educação,Seleção intencional por quota e diversidade de atividade. Universidade privada; Sudeste. Página inicial oficial preferencial; sem avaliação de acessibilidade.,2026-10-07,verificado,"Homepage oficial consultada na pesquisa web, com conteúdo público sem autenticação.",8411729c-fa79-4356-b6f9-bc0972fab79f,435995aa-09e3-4e87-9e70-6caa2bf3547c,FAILED,,,,,,,,2026-10-07T13:47:06.433492300Z,2026-10-07T13:47:28.405680900Z,21970,21486,,,,,,TIMEOUT,O carregamento da página excedeu o tempo limite.
KC-033,FECAP,https://www.fecap.br/,Educação,Seleção intencional por quota e diversidade de atividade. Instituição privada sem fins lucrativos; educação básica e superior; Sudeste. Página inicial oficial preferencial; sem avaliação de acessibilidade.,2026-10-07,verificado,"Homepage oficial consultada na pesquisa web, com conteúdo público sem autenticação.",8411729c-fa79-4356-b6f9-bc0972fab79f,5fa43b44-3e0f-474f-90df-73159a733a17,COMPLETED,96,114,4,4,0,0,0,2026-10-07T13:47:28.781988400Z,2026-10-07T13:47:42.855092Z,14071,12644,34,False,False,1,https://www.fecap.br/,,
KC-034,Universidade Cruzeiro do Sul,https://www.cruzeirodosul.edu.br/,Educação,Seleção intencional por quota e diversidade de atividade. Universidade privada; ensino presencial e a distância; Sudeste. Página inicial oficial preferencial; sem avaliação de acessibilidade.,2026-10-07,verificado,"Homepage oficial consultada na pesquisa web, com conteúdo público sem autenticação.",8411729c-fa79-4356-b6f9-bc0972fab79f,741d8e36-a799-41e7-a2c0-a7ae43506ec3,FAILED,,,,,,,,2026-10-07T13:47:43.083365800Z,2026-10-07T13:47:46.732760700Z,3640,3185,,,,,,INACCESSIBLE,Página inacessível ou resposta HTTP de erro.
KC-035,ESPM,https://www.espm.br/,Educação,Seleção intencional por quota e diversidade de atividade. Instituição privada de ensino em comunicação e negócios. Página inicial oficial preferencial; sem avaliação de acessibilidade.,2026-10-07,verificado_com_ressalva,"Homepage oficial consultada na pesquisa web, com conteúdo público sem autenticação. Consulta HTTP: 403; confirmação pelo conteúdo da pesquisa web.",8411729c-fa79-4356-b6f9-bc0972fab79f,30d88436-f92b-4612-8be8-bf11da99450f,FAILED,,,,,,,,2026-10-07T13:47:47.117798200Z,2026-10-07T13:48:06.066448600Z,18955,18494,,,,,,TIMEOUT,O carregamento da página excedeu o tempo limite.
KC-036,Instituto Federal do Ceará,https://portal.ifce.edu.br/,Educação,Seleção intencional por quota e diversidade de atividade. Instituto federal; educação profissional; Nordeste. Página inicial oficial preferencial; sem avaliação de acessibilidade.,2026-10-07,verificado,"Homepage oficial consultada na pesquisa web, com conteúdo público sem autenticação.",8411729c-fa79-4356-b6f9-bc0972fab79f,1b517b0b-70ab-4b27-bcb4-3711912965be,COMPLETED,79,336,71,71,0,0,0,2026-10-07T13:48:06.473909200Z,2026-10-07T13:48:43.116595300Z,36635,29596,7,False,False,3,https://portal.ifce.edu.br/,,
KC-037,Universidade Tecnológica Federal do Paraná,https://www.utfpr.edu.br/,Educação,Seleção intencional por quota e diversidade de atividade. Educação superior tecnológica pública; Sul. Página inicial oficial preferencial; sem avaliação de acessibilidade.,2026-10-07,verificado,"Homepage oficial consultada na pesquisa web, com conteúdo público sem autenticação.",8411729c-fa79-4356-b6f9-bc0972fab79f,d49636c0-5421-4fb3-9e2b-d5ab6d3850d3,COMPLETED,90,93,9,9,0,0,0,2026-10-07T13:48:43.361210900Z,2026-10-07T13:49:06.433534300Z,23070,21843,0,False,False,17,https://www.utfpr.edu.br/,,
KC-038,Fatec São Paulo,https://www.fatecsp.br/,Educação,Seleção intencional por quota e diversidade de atividade. Educação superior tecnológica pública estadual; Sudeste. Página inicial oficial preferencial; sem avaliação de acessibilidade.,2026-10-07,verificado,"Homepage oficial consultada na pesquisa web, com conteúdo público sem autenticação.",8411729c-fa79-4356-b6f9-bc0972fab79f,71bdb466-cdd3-47f2-9ccb-42c64ac3446d,COMPLETED,74,38,10,10,0,0,0,2026-10-07T13:49:06.823285300Z,2026-10-07T13:49:26.845771700Z,20023,18761,103,False,False,2,https://www.fatecsp.br/,,
KC-039,Colégio Santa Cruz de Araguaína,https://www.colegiosantacruz.g12.br/,Educação,Seleção intencional por quota e diversidade de atividade. Educação básica filantrópica; Tocantins; Norte. Página inicial oficial preferencial; sem avaliação de acessibilidade.,2026-10-07,verificado,"Homepage oficial consultada na pesquisa web, com conteúdo público sem autenticação.",8411729c-fa79-4356-b6f9-bc0972fab79f,3ecbefe4-6974-4d0a-a3e3-4c1f6a33d405,COMPLETED,100,57,0,0,0,0,0,2026-10-07T13:49:27.102630900Z,2026-10-07T13:49:38.152816700Z,11050,10081,39,False,False,4,https://www.colegiosantacruz.g12.br/,,
KC-040,Senac São Paulo,https://www.sp.senac.br/,Educação,Seleção intencional por quota e diversidade de atividade. Educação profissional; somente uma unidade do Sistema Senac. Página inicial oficial preferencial; sem avaliação de acessibilidade.,2026-10-07,verificado,Homepage oficial respondeu HTTP 200 com HTML e identificação da organização; consulta sem autenticação.,8411729c-fa79-4356-b6f9-bc0972fab79f,1c03ee8e-facd-4a62-abfb-a509fce05556,FAILED,,,,,,,,2026-10-07T13:49:38.407622400Z,2026-10-07T13:49:40.685569300Z,2276,1799,,,,,,INACCESSIBLE,Página inacessível ou resposta HTTP de erro.
KC-041,g1,https://g1.globo.com/,Notícias e conteúdo,Seleção intencional por quota e diversidade de atividade. Portal de notícias generalista; Grupo Globo. Página inicial oficial preferencial; sem avaliação de acessibilidade.,2026-10-07,verificado,Homepage oficial respondeu HTTP 200 com HTML e identificação da organização; consulta sem autenticação. Somente a homepage integra a amostra; artigos internos podem exigir assinatura.,8411729c-fa79-4356-b6f9-bc0972fab79f,b4f65473-279d-462b-923a-872b29ddebd6,FAILED,,,,,,,,2026-10-07T13:49:41.085625900Z,2026-10-07T13:50:21.448570900Z,40373,39890,,,,,,TIMEOUT,O carregamento da página excedeu o tempo limite.
KC-042,Folha de S.Paulo,https://www.folha.uol.com.br/,Notícias e conteúdo,Seleção intencional por quota e diversidade de atividade. Jornal de notícias generalista; Grupo Folha. Página inicial oficial preferencial; sem avaliação de acessibilidade.,2026-10-07,verificado,"Homepage oficial consultada na pesquisa web, com conteúdo público sem autenticação. Somente a homepage integra a amostra; artigos internos podem exigir assinatura.",8411729c-fa79-4356-b6f9-bc0972fab79f,b5d71b8f-259c-4a17-9fc3-05bca9f958f9,FAILED,,,,,,,,2026-10-07T13:50:21.865661300Z,2026-10-07T13:50:38.366350100Z,16498,16028,,,,,,LIMIT_EXCEEDED,A página excede o limite de altura da screenshot.
KC-043,Estadão,https://www.estadao.com.br/,Notícias e conteúdo,Seleção intencional por quota e diversidade de atividade. Jornal de notícias generalista; Grupo Estado. Página inicial oficial preferencial; sem avaliação de acessibilidade.,2026-10-07,verificado,Homepage oficial respondeu HTTP 200 com HTML e identificação da organização; consulta sem autenticação. Somente a homepage integra a amostra; artigos internos podem exigir assinatura.,8411729c-fa79-4356-b6f9-bc0972fab79f,2e4bb4b3-6536-48d6-ba3d-9209555acdf5,FAILED,,,,,,,,2026-10-07T13:50:38.761248300Z,2026-10-07T13:50:59.438081900Z,20674,20194,,,,,,TIMEOUT,O carregamento da página excedeu o tempo limite.
KC-044,BBC News Brasil,https://www.bbc.com/portuguese,Notícias e conteúdo,Seleção intencional por quota e diversidade de atividade. Notícias internacionais em português; edição Brasil. Página inicial oficial preferencial; sem avaliação de acessibilidade.,2026-10-07,verificado_com_ressalva,Organização internacional; página inicial da edição em português para o Brasil.,8411729c-fa79-4356-b6f9-bc0972fab79f,993d368d-3086-47a1-98c3-b05881eb8a3b,COMPLETED,98,209,4,4,0,0,0,2026-10-07T13:50:59.849252Z,2026-10-07T13:51:23.961349900Z,24114,22642,106,False,False,0,https://www.bbc.com/portuguese,,
KC-045,DW Brasil,https://www.dw.com/pt-br/not%C3%ADcias/s-7111,Notícias e conteúdo,Seleção intencional por quota e diversidade de atividade. Notícias internacionais em português; edição Brasil. Página inicial oficial preferencial; sem avaliação de acessibilidade.,2026-10-07,verificado_com_ressalva,Organização internacional; página inicial da edição em português para o Brasil.,8411729c-fa79-4356-b6f9-bc0972fab79f,d25a7ca0-c8d9-4787-8aa6-db61d3c06ef9,COMPLETED,97,193,6,6,0,0,0,2026-10-07T13:51:24.234822300Z,2026-10-07T13:51:41.071811900Z,16838,15508,0,False,False,5,https://www.dw.com/pt-br/not%C3%ADcias/s-7111,,
KC-046,Agência Brasil,https://agenciabrasil.ebc.com.br/,Notícias e conteúdo,Seleção intencional por quota e diversidade de atividade. Agência pública de notícias; EBC. Página inicial oficial preferencial; sem avaliação de acessibilidade.,2026-10-07,verificado,Homepage oficial respondeu HTTP 200 com HTML e identificação da organização; consulta sem autenticação. Somente a homepage integra a amostra; artigos internos podem exigir assinatura.,8411729c-fa79-4356-b6f9-bc0972fab79f,639231d8-379a-42a1-ac02-75f571b5abf3,COMPLETED,,0,0,0,0,0,0,2026-10-07T13:51:41.333519Z,2026-10-07T13:52:00.133074400Z,18799,17472,242,False,False,12,https://agenciabrasil.ebc.com.br/,,
KC-047,O TEMPO,https://www.otempo.com.br/,Notícias e conteúdo,Seleção intencional por quota e diversidade de atividade. Jornalismo regional; Minas Gerais; Sempre Editora. Página inicial oficial preferencial; sem avaliação de acessibilidade.,2026-10-07,verificado,"Homepage oficial consultada na pesquisa web, com conteúdo público sem autenticação. Somente a homepage integra a amostra; artigos internos podem exigir assinatura.",8411729c-fa79-4356-b6f9-bc0972fab79f,31de9281-e4de-4512-9e6f-87b9228f1c3c,FAILED,,,,,,,,2026-10-07T13:52:00.436517400Z,2026-10-07T13:52:23.778773900Z,23344,22869,,,,,,TIMEOUT,O carregamento da página excedeu o tempo limite.
KC-048,Agência Pública,https://apublica.org/,Notícias e conteúdo,Seleção intencional por quota e diversidade de atividade. Jornalismo investigativo. Página inicial oficial preferencial; sem avaliação de acessibilidade.,2026-10-07,verificado,"Homepage oficial consultada na pesquisa web, com conteúdo público sem autenticação. Somente a homepage integra a amostra; artigos internos podem exigir assinatura.",8411729c-fa79-4356-b6f9-bc0972fab79f,e66e8f41-116a-43ad-b174-2f3c486f9263,FAILED,,,,,,,,2026-10-07T13:52:24.185522100Z,2026-10-07T13:52:45.695105700Z,21510,21023,,,,,,TIMEOUT,O carregamento da página excedeu o tempo limite.
KC-049,Aos Fatos,https://www.aosfatos.org/,Notícias e conteúdo,Seleção intencional por quota e diversidade de atividade. Jornalismo e checagem de fatos. Página inicial oficial preferencial; sem avaliação de acessibilidade.,2026-10-07,verificado,"Homepage oficial consultada na pesquisa web, com conteúdo público sem autenticação. Somente a homepage integra a amostra; artigos internos podem exigir assinatura.",8411729c-fa79-4356-b6f9-bc0972fab79f,f000518b-4660-4a84-8bf2-334308d75f36,COMPLETED,97,204,7,7,0,0,0,2026-10-07T13:52:46.131637Z,2026-10-07T13:53:10.306277300Z,24174,22845,12,False,False,6,https://www.aosfatos.org/,,
KC-050,Congresso em Foco,https://www.congressoemfoco.com.br/,Notícias e conteúdo,Seleção intencional por quota e diversidade de atividade. Cobertura de política; organização editorial própria. Página inicial oficial preferencial; sem avaliação de acessibilidade.,2026-10-07,verificado,"Homepage oficial consultada na pesquisa web, com conteúdo público sem autenticação. Somente a homepage integra a amostra; artigos internos podem exigir assinatura.",8411729c-fa79-4356-b6f9-bc0972fab79f,d3a5b575-128a-4d8c-bdc7-62adc60e6377,COMPLETED,97,122,5,4,1,0,0,2026-10-07T13:53:10.560242500Z,2026-10-07T13:53:30.127481800Z,19564,18282,0,False,False,16,https://www.congressoemfoco.com.br/,,
KC-051,Poder360,https://www.poder360.com.br/,Notícias e conteúdo,Seleção intencional por quota e diversidade de atividade. Cobertura de política e economia. Página inicial oficial preferencial; sem avaliação de acessibilidade.,2026-10-07,verificado,"Homepage oficial consultada na pesquisa web, com conteúdo público sem autenticação. Somente a homepage integra a amostra; artigos internos podem exigir assinatura.",8411729c-fa79-4356-b6f9-bc0972fab79f,627bb654-b153-494d-86fc-2419cc3a94f0,FAILED,,,,,,,,2026-10-07T13:53:30.380410700Z,2026-10-07T13:54:02.743320Z,32364,31876,,,,,,TIMEOUT,O carregamento da página excedeu o tempo limite.
KC-052,Jornal Opção,https://www.jornalopcao.com.br/,Notícias e conteúdo,Seleção intencional por quota e diversidade de atividade. Jornalismo regional e política; Goiás. Página inicial oficial preferencial; sem avaliação de acessibilidade.,2026-10-07,verificado,"Homepage oficial consultada na pesquisa web, com conteúdo público sem autenticação. Somente a homepage integra a amostra; artigos internos podem exigir assinatura.",8411729c-fa79-4356-b6f9-bc0972fab79f,79bbf897-e654-4632-8dd3-c988dbc174c8,FAILED,,,,,,,,2026-10-07T13:54:03.157875800Z,2026-10-07T13:54:06.333120200Z,3173,2696,,,,,,INACCESSIBLE,Página inacessível ou resposta HTTP de erro.
KC-053,Intercept Brasil,https://www.intercept.com.br/,Notícias e conteúdo,Seleção intencional por quota e diversidade de atividade. Jornalismo investigativo. Página inicial oficial preferencial; sem avaliação de acessibilidade.,2026-10-07,verificado_com_ressalva,"Homepage oficial consultada na pesquisa web, com conteúdo público sem autenticação. Consulta HTTP: 403; confirmação pelo conteúdo da pesquisa web. Somente a homepage integra a amostra; artigos internos podem exigir assinatura.",8411729c-fa79-4356-b6f9-bc0972fab79f,dfad1bb8-e27a-48af-b31e-31f8daf8607e,FAILED,,,,,,,,2026-10-07T13:54:06.745778200Z,2026-10-07T13:54:09.911606Z,3165,2698,,,,,,INACCESSIBLE,Página inacessível ou resposta HTTP de erro.
KC-054,Brasil de Fato,https://www.brasildefato.com.br/,Notícias e conteúdo,Seleção intencional por quota e diversidade de atividade. Notícias e conteúdo editorial. Página inicial oficial preferencial; sem avaliação de acessibilidade.,2026-10-07,verificado,"Homepage oficial consultada na pesquisa web, com conteúdo público sem autenticação. Somente a homepage integra a amostra; artigos internos podem exigir assinatura.",8411729c-fa79-4356-b6f9-bc0972fab79f,b69fca1d-ef8d-4b6d-90e0-2f9b5c5d1581,COMPLETED,65,200,71,71,0,0,0,2026-10-07T13:54:10.298292100Z,2026-10-07T13:54:47.985615500Z,37686,35537,2,False,False,36,https://www.brasildefato.com.br/,,
KC-055,CartaCapital,https://www.cartacapital.com.br/,Notícias e conteúdo,Seleção intencional por quota e diversidade de atividade. Revista de notícias e opinião. Página inicial oficial preferencial; sem avaliação de acessibilidade.,2026-10-07,verificado,"Homepage oficial consultada na pesquisa web, com conteúdo público sem autenticação. Somente a homepage integra a amostra; artigos internos podem exigir assinatura.",8411729c-fa79-4356-b6f9-bc0972fab79f,b7f40012-33aa-4c1f-ac15-94a0da56ce49,FAILED,,,,,,,,2026-10-07T13:54:48.248432800Z,2026-10-07T13:54:55.582907300Z,7334,6869,,,,,,LIMIT_EXCEEDED,A página excede o limite de altura da screenshot.
KC-056,Jornal do Comércio (RS),https://www.jornaldocomercio.com/,Notícias e conteúdo,Seleção intencional por quota e diversidade de atividade. Jornalismo econômico e regional; Rio Grande do Sul. Página inicial oficial preferencial; sem avaliação de acessibilidade.,2026-10-07,verificado,"Homepage oficial consultada na pesquisa web, com conteúdo público sem autenticação. Somente a homepage integra a amostra; artigos internos podem exigir assinatura.",8411729c-fa79-4356-b6f9-bc0972fab79f,3c916916-52d2-4677-b00d-2b69aa9a13b2,FAILED,,,,,,,,2026-10-07T13:54:55.988532100Z,2026-10-07T13:55:13.802169200Z,17813,17316,,,,,,TIMEOUT,O carregamento da página excedeu o tempo limite.
KC-057,((o))eco,https://oeco.org.br/,Notícias e conteúdo,Seleção intencional por quota e diversidade de atividade. Jornalismo ambiental. Página inicial oficial preferencial; sem avaliação de acessibilidade.,2026-10-07,verificado,"Homepage oficial consultada na pesquisa web, com conteúdo público sem autenticação. Somente a homepage integra a amostra; artigos internos podem exigir assinatura.",8411729c-fa79-4356-b6f9-bc0972fab79f,eec7fe49-96b6-4513-a89b-0094cd677914,COMPLETED,89,211,25,23,0,1,1,2026-10-07T13:55:14.219166600Z,2026-10-07T13:55:40.280091Z,26059,24488,0,False,False,9,https://oeco.org.br/,,
KC-058,Opera Mundi,https://operamundi.uol.com.br/,Notícias e conteúdo,Seleção intencional por quota e diversidade de atividade. Notícias internacionais; organização editorial própria. Página inicial oficial preferencial; sem avaliação de acessibilidade.,2026-10-07,verificado_com_ressalva,Editora própria: Última Instância Editorial Ltda.; parceria com UOL não equivale à organização Folha. Fonte: https://operamundi.uol.com.br/sobre-opera-mundi/,8411729c-fa79-4356-b6f9-bc0972fab79f,1dbcdab4-d3d6-4cfb-a7f3-d47d6d629ba7,FAILED,,,,,,,,2026-10-07T13:55:40.555253Z,2026-10-07T13:56:12.217138800Z,31675,31195,,,,,,TIMEOUT,O carregamento da página excedeu o tempo limite.
KC-059,Diário do Nordeste,https://diariodonordeste.verdesmares.com.br/,Notícias e conteúdo,Seleção intencional por quota e diversidade de atividade. Jornalismo regional; Ceará; Grupo Edson Queiroz. Página inicial oficial preferencial; sem avaliação de acessibilidade.,2026-10-07,verificado,"Homepage oficial consultada na pesquisa web, com conteúdo público sem autenticação. Somente a homepage integra a amostra; artigos internos podem exigir assinatura.",8411729c-fa79-4356-b6f9-bc0972fab79f,5a3f4658-a86a-4d01-bb58-2f7ff02dbc45,COMPLETED,83,214,36,36,0,0,0,2026-10-07T13:56:12.624891800Z,2026-10-07T13:56:47.034610Z,34410,32833,0,False,False,26,https://diariodonordeste.verdesmares.com.br/,,
KC-060,Correio Braziliense,https://www.correiobraziliense.com.br/,Notícias e conteúdo,Seleção intencional por quota e diversidade de atividade. Jornalismo regional; Distrito Federal; Diários Associados. Página inicial oficial preferencial; sem avaliação de acessibilidade.,2026-10-07,verificado,"Homepage oficial consultada na pesquisa web, com conteúdo público sem autenticação. Somente a homepage integra a amostra; artigos internos podem exigir assinatura.",8411729c-fa79-4356-b6f9-bc0972fab79f,1f41da4f-4913-4630-adf6-718844437335,FAILED,,,,,,,,2026-10-07T13:56:47.313731600Z,2026-10-07T13:57:09.790199400Z,22479,22009,,,,,,TIMEOUT,O carregamento da página excedeu o tempo limite.
KC-061,Omie,https://www.omie.com.br/,Serviços,Seleção intencional por quota e diversidade de atividade. Software de gestão empresarial como serviço; homepage pública. Página inicial oficial preferencial; sem avaliação de acessibilidade.,2026-10-07,verificado_com_ressalva,Classificação a revisar: Serviços pelo software oferecido como serviço; homepage também corporativa. Conteúdo informativo público; login para uso do aplicativo contratado.,8411729c-fa79-4356-b6f9-bc0972fab79f,40686c8b-b809-4972-b130-cc2d9e66c8cb,COMPLETED,98,158,6,3,1,1,1,2026-10-07T13:57:10.205591700Z,2026-10-07T13:57:30.576054200Z,20372,19071,57,False,False,11,https://www.omie.com.br/,,
KC-062,Sabesp,https://www.sabesp.com.br/,Serviços,Seleção intencional por quota e diversidade de atividade. Serviços de água e saneamento; São Paulo. Página inicial oficial preferencial; sem avaliação de acessibilidade.,2026-10-07,verificado,"Homepage oficial consultada na pesquisa web, com conteúdo público sem autenticação.",8411729c-fa79-4356-b6f9-bc0972fab79f,dfb644da-3dae-43cf-a7b5-ef3822f41d36,COMPLETED,74,119,31,31,0,0,0,2026-10-07T13:57:30.836035800Z,2026-10-07T13:57:56.614037800Z,25781,24398,8,False,False,11,https://www.sabesp.com.br/,,
KC-063,Itaú,https://www.itau.com.br/,Serviços,Seleção intencional por quota e diversidade de atividade. Serviços bancários; página pública informativa. Página inicial oficial preferencial; sem avaliação de acessibilidade.,2026-10-07,verificado_com_ressalva,"Homepage oficial consultada na pesquisa web, com conteúdo público sem autenticação. Consulta HTTP: 403; confirmação pelo conteúdo da pesquisa web.",8411729c-fa79-4356-b6f9-bc0972fab79f,3fc0e6cb-abd6-46f5-97eb-7779e405d4c0,FAILED,,,,,,,,2026-10-07T13:57:56.877188300Z,2026-10-07T13:58:02.484280400Z,5607,5140,,,,,,INACCESSIBLE,Página inacessível ou resposta HTTP de erro.
KC-064,Cemig,https://www.cemig.com.br/,Serviços,Seleção intencional por quota e diversidade de atividade. Serviços de energia elétrica; Minas Gerais. Página inicial oficial preferencial; sem avaliação de acessibilidade.,2026-10-07,verificado,"Homepage oficial consultada na pesquisa web, com conteúdo público sem autenticação.",8411729c-fa79-4356-b6f9-bc0972fab79f,78756c1c-efe8-447b-800e-480e3a00716c,COMPLETED,100,24,0,0,0,0,0,2026-10-07T13:58:02.885071300Z,2026-10-07T13:58:21.185138200Z,18298,16792,116,False,False,2,https://www.cemig.com.br/,,
KC-065,Santander Brasil,https://www.santander.com.br/,Serviços,Seleção intencional por quota e diversidade de atividade. Serviços bancários; página pública informativa. Página inicial oficial preferencial; sem avaliação de acessibilidade.,2026-10-07,verificado_com_ressalva,"Homepage oficial consultada na pesquisa web, com conteúdo público sem autenticação. Consulta HTTP: 403; confirmação pelo conteúdo da pesquisa web.",8411729c-fa79-4356-b6f9-bc0972fab79f,f37c4fcf-7d0e-42cd-8ce7-ccc68efd901a,FAILED,,,,,,,,2026-10-07T13:58:21.447452500Z,2026-10-07T13:58:23.939430500Z,2503,2036,,,,,,INACCESSIBLE,Página inacessível ou resposta HTTP de erro.
KC-066,Nubank,https://nubank.com.br/,Serviços,Seleção intencional por quota e diversidade de atividade. Serviços financeiros digitais; página pública. Página inicial oficial preferencial; sem avaliação de acessibilidade.,2026-10-07,verificado,"Homepage oficial consultada na pesquisa web, com conteúdo público sem autenticação.",8411729c-fa79-4356-b6f9-bc0972fab79f,07d91c0b-eddb-426c-9511-17f41b018fd2,COMPLETED,100,86,0,0,0,0,0,2026-10-07T13:58:24.350579400Z,2026-10-07T13:58:44.745997100Z,20393,19440,0,False,False,0,https://nubank.com.br/,,
KC-067,Banco Inter,https://inter.co/,Serviços,Seleção intencional por quota e diversidade de atividade. Serviços financeiros digitais; página pública. Página inicial oficial preferencial; sem avaliação de acessibilidade.,2026-10-07,verificado,"Homepage oficial consultada na pesquisa web, com conteúdo público sem autenticação.",8411729c-fa79-4356-b6f9-bc0972fab79f,0aab632f-f222-4687-a82d-7200bfb4a651,COMPLETED,41,37,22,22,0,0,0,2026-10-07T13:58:45.074167600Z,2026-10-07T13:59:24.719274300Z,39657,38375,16,False,False,48,https://inter.co/,,
KC-068,Vivo,https://vivo.com.br/para-voce,Serviços,Seleção intencional por quota e diversidade de atividade. Telecomunicações; Telefônica. Página inicial oficial preferencial; sem avaliação de acessibilidade.,2026-10-07,verificado_com_ressalva,"Homepage oficial consultada na pesquisa web, com conteúdo público sem autenticação. Consulta HTTP: 403; confirmação pelo conteúdo da pesquisa web.",8411729c-fa79-4356-b6f9-bc0972fab79f,c2a6170d-efe0-41e6-b6a4-6e10667ccf35,FAILED,,,,,,,,2026-10-07T13:59:24.989062700Z,2026-10-07T13:59:30.586126200Z,5599,5122,,,,,,INACCESSIBLE,Página inacessível ou resposta HTTP de erro.
KC-069,Claro,https://www.claro.com.br/,Serviços,Seleção intencional por quota e diversidade de atividade. Telecomunicações; América Móvil. Página inicial oficial preferencial; sem avaliação de acessibilidade.,2026-10-07,verificado,Homepage oficial respondeu HTTP 200 com HTML e identificação da organização; consulta sem autenticação.,8411729c-fa79-4356-b6f9-bc0972fab79f,1f87242e-e038-4a0a-bccd-af686ba51150,COMPLETED,98,490,8,8,0,0,0,2026-10-07T13:59:31.002839200Z,2026-10-07T13:59:56.707129800Z,25702,24208,14,False,False,5,https://www.claro.com.br/,,
KC-070,TIM Brasil,https://www.tim.com.br/rj,Serviços,Seleção intencional por quota e diversidade de atividade. Telecomunicações. Página inicial oficial preferencial; sem avaliação de acessibilidade.,2026-10-07,verificado_com_ressalva,URL regional RJ obtida por redirecionamento oficial; conteúdo pode variar por localização.,8411729c-fa79-4356-b6f9-bc0972fab79f,8eb79187-50cc-480b-a7bb-8480b51e61f9,COMPLETED,98,271,5,5,0,0,0,2026-10-07T13:59:56.961666400Z,2026-10-07T14:01:05.538459500Z,68575,67237,54,False,False,20,https://www.tim.com.br/rj,,
KC-071,LATAM Brasil,https://www.latamairlines.com/br/pt,Serviços,Seleção intencional por quota e diversidade de atividade. Transporte aéreo; edição brasileira. Página inicial oficial preferencial; sem avaliação de acessibilidade.,2026-10-07,verificado_com_ressalva,"Homepage oficial consultada na pesquisa web, com conteúdo público sem autenticação. Consulta HTTP: falha de conexão; confirmação pelo conteúdo da pesquisa web.",8411729c-fa79-4356-b6f9-bc0972fab79f,ed90bd6e-d386-494f-9316-e0e868cbd4be,FAILED,,,,,,,,2026-10-07T14:01:05.801983700Z,2026-10-07T14:01:10.887906500Z,5083,4596,,,,,,INACCESSIBLE,Página inacessível ou resposta HTTP de erro.
KC-072,GOL,https://www.voegol.com.br/,Serviços,Seleção intencional por quota e diversidade de atividade. Transporte aéreo; Grupo Abra. Página inicial oficial preferencial; sem avaliação de acessibilidade.,2026-10-07,verificado,"Homepage oficial consultada na pesquisa web, com conteúdo público sem autenticação.",8411729c-fa79-4356-b6f9-bc0972fab79f,f9f65310-f91c-4dea-a107-a61e0346e119,FAILED,,,,,,,,2026-10-07T14:01:11.296959100Z,2026-10-07T14:01:13.804132Z,2506,2025,,,,,,INACCESSIBLE,Página inacessível ou resposta HTTP de erro.
KC-073,Neoenergia,https://www.neoenergia.com/,Serviços,Seleção intencional por quota e diversidade de atividade. Serviços de energia elétrica; operações em diferentes estados. Página inicial oficial preferencial; sem avaliação de acessibilidade.,2026-10-07,verificado,"Homepage oficial consultada na pesquisa web, com conteúdo público sem autenticação.",8411729c-fa79-4356-b6f9-bc0972fab79f,492f2871-a608-4c6a-b2cb-2131aa855ea5,FAILED,,,,,,,,2026-10-07T14:01:14.204387400Z,2026-10-07T14:01:16.781220300Z,2576,2100,,,,,,INACCESSIBLE,Página inacessível ou resposta HTTP de erro.
KC-074,Correios,https://www.correios.com.br/,Serviços,Seleção intencional por quota e diversidade de atividade. Serviços postais e logística. Página inicial oficial preferencial; sem avaliação de acessibilidade.,2026-10-07,verificado,"Homepage oficial consultada na pesquisa web, com conteúdo público sem autenticação.",8411729c-fa79-4356-b6f9-bc0972fab79f,aa3f3773-5436-4fde-b436-5a363427a52b,COMPLETED,,0,0,0,0,0,0,2026-10-07T14:01:17.191510800Z,2026-10-07T14:01:31.687150700Z,14495,13613,0,False,False,7,https://www.correios.com.br/,,
KC-075,Localiza,https://www.localiza.com/brasil/pt-br,Serviços,Seleção intencional por quota e diversidade de atividade. Locação de veículos. Página inicial oficial preferencial; sem avaliação de acessibilidade.,2026-10-07,verificado,"Homepage oficial consultada na pesquisa web, com conteúdo público sem autenticação.",8411729c-fa79-4356-b6f9-bc0972fab79f,e813dbf9-c094-4470-bbeb-e815663a698d,COMPLETED,98,166,3,3,0,0,0,2026-10-07T14:01:32.109402700Z,2026-10-07T14:01:59.866870500Z,27756,26543,5,False,False,56,https://www.localiza.com/brasil/pt-br,,
KC-076,Movida,https://www.movida.com.br/,Serviços,Seleção intencional por quota e diversidade de atividade. Locação de veículos; Grupo Simpar. Página inicial oficial preferencial; sem avaliação de acessibilidade.,2026-10-07,verificado_com_ressalva,"Homepage oficial consultada na pesquisa web, com conteúdo público sem autenticação. Consulta HTTP: 403; confirmação pelo conteúdo da pesquisa web.",8411729c-fa79-4356-b6f9-bc0972fab79f,527e256c-2628-4615-92e0-f413ce53723e,FAILED,,,,,,,,2026-10-07T14:02:00.113477900Z,2026-10-07T14:02:03.674679600Z,3555,3079,,,,,,INACCESSIBLE,Página inacessível ou resposta HTTP de erro.
KC-077,Sanepar,https://www.sanepar.com.br/,Serviços,Seleção intencional por quota e diversidade de atividade. Serviços de água e saneamento; Paraná. Página inicial oficial preferencial; sem avaliação de acessibilidade.,2026-10-07,verificado,"Homepage oficial consultada na pesquisa web, com conteúdo público sem autenticação.",8411729c-fa79-4356-b6f9-bc0972fab79f,5faa9cf1-fcfd-4c32-90f2-48df424a7773,COMPLETED,67,178,58,58,0,0,0,2026-10-07T14:02:04.079749600Z,2026-10-07T14:02:41.728583600Z,37648,35650,19,False,False,3,https://www.sanepar.com.br/,,
KC-078,Unimed do Brasil,https://www.unimed.coop.br/site/,Serviços,Seleção intencional por quota e diversidade de atividade. Serviços e informações de saúde; confederação nacional. Página inicial oficial preferencial; sem avaliação de acessibilidade.,2026-10-07,verificado_com_ressalva,Classificação a revisar: confederação nacional de cooperativas de saúde. Serviços pelo setor de atuação; homepage também institucional.,8411729c-fa79-4356-b6f9-bc0972fab79f,3987f08a-27f5-43d9-b032-f143caf4e639,COMPLETED,87,75,10,10,0,0,0,2026-10-07T14:02:41.995681900Z,2026-10-07T14:03:08.160983900Z,26159,24763,11,False,False,12,https://www.unimed.coop.br/site/,,
KC-079,Serasa,https://www.serasa.com.br/,Serviços,Seleção intencional por quota e diversidade de atividade. Serviços de informação de crédito; Experian. Página inicial oficial preferencial; sem avaliação de acessibilidade.,2026-10-07,verificado,Homepage oficial respondeu HTTP 200 com HTML e identificação da organização; consulta sem autenticação.,8411729c-fa79-4356-b6f9-bc0972fab79f,1fd32438-656c-4213-b012-7de97852954d,COMPLETED,96,178,9,8,1,0,0,2026-10-07T14:03:08.565872900Z,2026-10-07T14:03:36.075570900Z,27514,25229,0,False,False,35,https://www.serasa.com.br/,,
KC-080,Conta Azul,https://contaazul.com/,Serviços,Seleção intencional por quota e diversidade de atividade. Software de gestão empresarial como serviço. Página inicial oficial preferencial; sem avaliação de acessibilidade.,2026-10-07,verificado_com_ressalva,Classificação a revisar: Serviços pelo software oferecido como serviço; homepage também corporativa. Conteúdo informativo público; login para uso do aplicativo contratado.,8411729c-fa79-4356-b6f9-bc0972fab79f,4f765d08-5fd1-451e-8ccf-82c15849b82a,COMPLETED,,0,0,0,0,0,0,2026-10-07T14:03:36.440090400Z,2026-10-07T14:03:59.751651900Z,23312,21905,277,False,False,0,https://contaazul.com/,,
KC-081,Petrobras,https://petrobras.com.br/,Empresas e instituições,Seleção intencional por quota e diversidade de atividade. Empresa de energia; página institucional. Página inicial oficial preferencial; sem avaliação de acessibilidade.,2026-10-07,verificado,"Homepage oficial consultada na pesquisa web, com conteúdo público sem autenticação.",8411729c-fa79-4356-b6f9-bc0972fab79f,4201d066-ec2a-4a1e-8274-aaf982e09d5e,FAILED,,,,,,,,2026-10-07T14:04:00.091556600Z,2026-10-07T14:04:21.404441300Z,21313,20835,,,,,,TIMEOUT,O carregamento da página excedeu o tempo limite.
KC-082,Vale,https://vale.com/pt,Empresas e instituições,Seleção intencional por quota e diversidade de atividade. Empresa de mineração; página institucional em português. Página inicial oficial preferencial; sem avaliação de acessibilidade.,2026-10-07,verificado,"Homepage oficial consultada na pesquisa web, com conteúdo público sem autenticação.",8411729c-fa79-4356-b6f9-bc0972fab79f,14f95238-38ec-4f74-a350-930024ad623b,FAILED,,,,,,,,2026-10-07T14:04:21.887761100Z,2026-10-07T14:04:25.027083600Z,3136,2661,,,,,,INACCESSIBLE,Página inacessível ou resposta HTTP de erro.
KC-083,Embraer,https://www.embraer.com/pt/,Empresas e instituições,Seleção intencional por quota e diversidade de atividade. Indústria aeronáutica; página institucional. Página inicial oficial preferencial; sem avaliação de acessibilidade.,2026-10-07,verificado,"Homepage oficial consultada na pesquisa web, com conteúdo público sem autenticação.",8411729c-fa79-4356-b6f9-bc0972fab79f,fc7e8913-170b-4355-8452-ad206b23033d,COMPLETED,91,130,12,12,0,0,0,2026-10-07T14:04:25.505043100Z,2026-10-07T14:05:00.239227200Z,34734,32942,0,False,False,12,https://www.embraer.com/pt/,,
KC-084,BNDES,https://www.bndes.gov.br/wps/portal/site/home,Empresas e instituições,Seleção intencional por quota e diversidade de atividade. Instituição pública de desenvolvimento; homepage institucional. Página inicial oficial preferencial; sem avaliação de acessibilidade.,2026-10-07,verificado_com_ressalva,Classificação a revisar: banco de desenvolvimento em Empresas e instituições pela missão pública; também presta serviços financeiros.,8411729c-fa79-4356-b6f9-bc0972fab79f,95a6bad5-d9e4-44dc-ad56-40d55a9a9996,FAILED,,,,,,,,2026-10-07T14:05:00.570311100Z,2026-10-07T14:05:18.804796600Z,18239,17756,,,,,,TIMEOUT,O carregamento da página excedeu o tempo limite.
KC-085,Randoncorp,https://www.randoncorp.com/pt/,Empresas e instituições,Seleção intencional por quota e diversidade de atividade. Indústria de transporte e autopeças; homepage institucional. Página inicial oficial preferencial; sem avaliação de acessibilidade.,2026-10-07,verificado,"Homepage oficial consultada na pesquisa web, com conteúdo público sem autenticação.",8411729c-fa79-4356-b6f9-bc0972fab79f,e8354a14-f998-42c7-9efb-93ba3b0f9a18,FAILED,,,,,,,,2026-10-07T14:05:19.274780100Z,2026-10-07T14:05:22.118333500Z,2834,2355,,,,,,INACCESSIBLE,Página inacessível ou resposta HTTP de erro.
KC-086,Suzano,https://www.suzano.com.br/,Empresas e instituições,Seleção intencional por quota e diversidade de atividade. Papel e celulose; página institucional. Página inicial oficial preferencial; sem avaliação de acessibilidade.,2026-10-07,verificado_com_ressalva,HTTP com preferência pt-BR retornou português; pesquisa web exibiu inglês. Revisar idioma na execução futura.,8411729c-fa79-4356-b6f9-bc0972fab79f,acaab8fc-f06a-46fb-b966-7a34bad1557d,COMPLETED,88,88,11,11,0,0,0,2026-10-07T14:05:22.597215800Z,2026-10-07T14:05:42.021576500Z,19424,17828,38,False,False,4,https://www.suzano.com.br/,,
KC-087,Klabin,https://klabin.com.br/,Empresas e instituições,Seleção intencional por quota e diversidade de atividade. Papel e embalagens; página institucional. Página inicial oficial preferencial; sem avaliação de acessibilidade.,2026-10-07,verificado,"Homepage oficial consultada na pesquisa web, com conteúdo público sem autenticação.",8411729c-fa79-4356-b6f9-bc0972fab79f,a90e0317-2d9e-4731-9531-f231a90a998a,COMPLETED,62,129,50,49,1,0,0,2026-10-07T14:05:42.373977100Z,2026-10-07T14:06:17.519224200Z,35149,33078,23,False,False,25,https://klabin.com.br/,,
KC-088,JBS,https://jbs.com.br/,Empresas e instituições,Seleção intencional por quota e diversidade de atividade. Indústria de alimentos; página institucional. Página inicial oficial preferencial; sem avaliação de acessibilidade.,2026-10-07,verificado,Homepage oficial respondeu HTTP 200 com HTML e identificação da organização; consulta sem autenticação. Redirecionamento observado: https://www.jbs.com.br:443/.,8411729c-fa79-4356-b6f9-bc0972fab79f,b4c7f95e-b5fa-44b2-8edb-9cb9cd3b85ef,FAILED,,,,,,,,2026-10-07T14:06:17.870521200Z,2026-10-07T14:06:20.879153400Z,3006,2513,,,,,,BLOCKED,Redirecionamento HTTP bloqueado nesta versão. Informe a URL final diretamente.
KC-089,Tupy,https://www.tupy.com.br/,Empresas e instituições,Seleção intencional por quota e diversidade de atividade. Indústria metalúrgica; página institucional. Página inicial oficial preferencial; sem avaliação de acessibilidade.,2026-10-07,verificado,"Homepage oficial consultada na pesquisa web, com conteúdo público sem autenticação.",8411729c-fa79-4356-b6f9-bc0972fab79f,3f7a308c-eb29-46d3-9c36-c3136ffe20c9,COMPLETED,84,73,12,12,0,0,0,2026-10-07T14:06:21.416058200Z,2026-10-07T14:06:43.309030900Z,21892,20667,13,False,False,4,https://www.tupy.com.br/,,
KC-090,Votorantim,https://www.votorantim.com.br/,Empresas e instituições,Seleção intencional por quota e diversidade de atividade. Grupo empresarial; página institucional. Página inicial oficial preferencial; sem avaliação de acessibilidade.,2026-10-07,verificado,Homepage oficial respondeu HTTP 200 com HTML e identificação da organização; consulta sem autenticação.,8411729c-fa79-4356-b6f9-bc0972fab79f,a4bf7053-ff1a-4627-ae93-c6f5bc97498a,COMPLETED,87,86,11,11,0,0,0,2026-10-07T14:06:43.647705600Z,2026-10-07T14:07:03.913249300Z,20271,19077,19,False,False,6,https://www.votorantim.com.br/,,
KC-091,TOTVS,https://www.totvs.com/,Empresas e instituições,Seleção intencional por quota e diversidade de atividade. Tecnologia empresarial; página corporativa. Página inicial oficial preferencial; sem avaliação de acessibilidade.,2026-10-07,verificado_com_ressalva,Classificação a revisar: homepage corporativa de empresa de tecnologia; também oferece software e serviços.,8411729c-fa79-4356-b6f9-bc0972fab79f,41147e5d-6bac-467d-9cfa-0505cd4c9bca,COMPLETED,81,131,25,25,0,0,0,2026-10-07T14:07:04.255757200Z,2026-10-07T14:07:21.665518100Z,17409,15952,3,False,False,2,https://www.totvs.com/,,
KC-092,Stefanini,https://pages.stefanini.com/pt-br,Empresas e instituições,Seleção intencional por quota e diversidade de atividade. Tecnologia e consultoria; página corporativa. Página inicial oficial preferencial; sem avaliação de acessibilidade.,2026-10-07,verificado_com_ressalva,Classificação a revisar: homepage corporativa em português; também presta consultoria e serviços de tecnologia.,8411729c-fa79-4356-b6f9-bc0972fab79f,f128793a-b55e-475b-9a0b-8a956ab8d643,COMPLETED,41,80,47,47,0,0,0,2026-10-07T14:07:21.923942100Z,2026-10-07T14:07:44.622696500Z,22704,21057,46,False,False,13,https://pages.stefanini.com/pt-br,,
KC-093,Bosch Brasil,https://www.bosch.com.br/,Empresas e instituições,Seleção intencional por quota e diversidade de atividade. Indústria e tecnologia; página institucional brasileira. Página inicial oficial preferencial; sem avaliação de acessibilidade.,2026-10-07,verificado,"Homepage oficial consultada na pesquisa web, com conteúdo público sem autenticação.",8411729c-fa79-4356-b6f9-bc0972fab79f,ce0dfee8-9203-4f24-987e-6867bd85407e,COMPLETED,100,80,0,0,0,0,0,2026-10-07T14:07:44.886657300Z,2026-10-07T14:08:15.834412900Z,30941,30000,0,False,False,0,https://www.bosch.com.br/,,
KC-094,Siemens Brasil,https://www.siemens.com/pt-br/,Empresas e instituições,Seleção intencional por quota e diversidade de atividade. Indústria e tecnologia; página institucional brasileira. Página inicial oficial preferencial; sem avaliação de acessibilidade.,2026-10-07,verificado,Homepage oficial respondeu HTTP 200 com HTML e identificação da organização; consulta sem autenticação.,8411729c-fa79-4356-b6f9-bc0972fab79f,e8f71a87-f7f3-4bcb-9f9a-2ae050a676c6,FAILED,,,,,,,,2026-10-07T14:08:16.169547500Z,2026-10-07T14:08:20.367298900Z,4199,3730,,,,,,INACCESSIBLE,Página inacessível ou resposta HTTP de erro.
KC-095,IBGE,https://www.ibge.gov.br/,Empresas e instituições,Seleção intencional por quota e diversidade de atividade. Instituição pública de estatística. Página inicial oficial preferencial; sem avaliação de acessibilidade.,2026-10-07,verificado,Homepage oficial respondeu HTTP 200 com HTML e identificação da organização; consulta sem autenticação.,8411729c-fa79-4356-b6f9-bc0972fab79f,3f9c1e4f-893b-483f-81f1-d1615b2613d3,COMPLETED,93,180,12,12,0,0,0,2026-10-07T14:08:20.850555800Z,2026-10-07T14:08:40.754155100Z,19904,18617,16,False,False,3,https://www.ibge.gov.br/,,
KC-096,INPE,https://www.gov.br/inpe/pt-br,Empresas e instituições,Seleção intencional por quota e diversidade de atividade. Instituição pública de pesquisa espacial. Página inicial oficial preferencial; sem avaliação de acessibilidade.,2026-10-07,verificado_com_ressalva,Instituição distinta de INPA; gov.br é plataforma compartilhada. Selecionada a homepage institucional /inpe/pt-br.,8411729c-fa79-4356-b6f9-bc0972fab79f,19df587c-551c-4db3-bd88-da0f015fe174,COMPLETED,100,158,0,0,0,0,0,2026-10-07T14:08:41.017425300Z,2026-10-07T14:08:58.811253Z,17798,16749,6,False,False,1,https://www.gov.br/inpe/pt-br,,
KC-097,INPA,https://www.gov.br/inpa/pt-br,Empresas e instituições,Seleção intencional por quota e diversidade de atividade. Instituição pública de pesquisa amazônica. Página inicial oficial preferencial; sem avaliação de acessibilidade.,2026-10-07,verificado_com_ressalva,Instituição distinta de INPE; gov.br é plataforma compartilhada. Selecionada a homepage institucional /inpa/pt-br.,8411729c-fa79-4356-b6f9-bc0972fab79f,8c6c0b10-7653-4c77-a7fa-d6037b0e847a,COMPLETED,99,216,2,2,0,0,0,2026-10-07T14:08:59.072808500Z,2026-10-07T14:09:20.056241900Z,20980,19771,15,False,False,5,https://www.gov.br/inpa/pt-br,,
KC-098,Embrapa,https://www.embrapa.br/,Empresas e instituições,Seleção intencional por quota e diversidade de atividade. Instituição pública de pesquisa agropecuária. Página inicial oficial preferencial; sem avaliação de acessibilidade.,2026-10-07,verificado,Homepage oficial respondeu HTTP 200 com HTML e identificação da organização; consulta sem autenticação.,8411729c-fa79-4356-b6f9-bc0972fab79f,ab9af877-753e-4ebd-95a9-7f1e9c71d753,FAILED,,,,,,,,2026-10-07T14:09:20.346832500Z,2026-10-07T14:09:38.171893400Z,17833,17293,,,,,,TIMEOUT,O carregamento da página excedeu o tempo limite.
KC-099,Instituto Butantan,https://butantan.gov.br/,Empresas e instituições,Seleção intencional por quota e diversidade de atividade. Instituição pública de pesquisa e saúde. Página inicial oficial preferencial; sem avaliação de acessibilidade.,2026-10-07,verificado_com_ressalva,"Homepage oficial consultada na pesquisa web, com conteúdo público sem autenticação. Consulta HTTP: 403; confirmação pelo conteúdo da pesquisa web.",8411729c-fa79-4356-b6f9-bc0972fab79f,5449682f-7f2b-497a-8115-15051d7fa634,FAILED,,,,,,,,2026-10-07T14:09:38.719689900Z,2026-10-07T14:09:41.735285700Z,3017,2555,,,,,,INACCESSIBLE,Página inacessível ou resposta HTTP de erro.
KC-100,WWF-Brasil,https://www.wwf.org.br/,Empresas e instituições,Seleção intencional por quota e diversidade de atividade. Organização da sociedade civil; conservação ambiental. Página inicial oficial preferencial; sem avaliação de acessibilidade.,2026-10-07,verificado,Homepage oficial respondeu HTTP 200 com HTML e identificação da organização; consulta sem autenticação.,8411729c-fa79-4356-b6f9-bc0972fab79f,008ca991-50df-4ef4-8e68-cb18314f135a,COMPLETED,35,167,108,108,0,0,0,2026-10-07T14:09:42.220348800Z,2026-10-07T14:10:22.885010100Z,40666,38390,14,False,False,4,https://www.wwf.org.br/,,
