study_id,dataset_sha256,id,site,url_solicitada,url_normalizada,categoria,inicio,fim,status,analysis_id,score,elementos_avaliados,problemas,contraste,protanopia,deuteranopia,tritanopia,duracao_linha_ms,duracao_analise_ms,engine_version,textos_ignorados,coleta_parcial,pares_limitados,recursos_bloqueados,error_code,error_message,url_final,browser_version,viewport_width,viewport_height,timeout_ms,settle_ms
8411729c-fa79-4356-b6f9-bc0972fab79f,17ba95f31e0431bcde739e65dd35036d0265c0750a7b187d85ba9505f46668a2,KC-001,Magazine Luiza,https://www.magazineluiza.com.br/,https://www.magazineluiza.com.br/,E-commerce,2026-10-07T13:37:03.022029800Z,2026-10-07T13:37:15.205380200Z,FAILED,4b5fc3c7-9b8a-4046-97bb-c2bec281de9e,,,,,,,,12183,11646,,,,,,INACCESSIBLE,Página inacessível ou resposta HTTP de erro.,,,,,,
8411729c-fa79-4356-b6f9-bc0972fab79f,17ba95f31e0431bcde739e65dd35036d0265c0750a7b187d85ba9505f46668a2,KC-002,Lupo,https://www.lupo.com.br/,https://www.lupo.com.br/,E-commerce,2026-10-07T13:37:15.480864800Z,2026-10-07T13:37:33.726449900Z,COMPLETED,d2fd177d-e6ad-4db8-84ec-544dc7e77a0a,100,13,0,0,0,0,0,18245,17314,1.0-contrast-aa-machado1-rgb-heuristic,7,false,false,33,,,https://www.lupo.com.br/,153.0.8010.12,1280,720,15000,500
8411729c-fa79-4356-b6f9-bc0972fab79f,17ba95f31e0431bcde739e65dd35036d0265c0750a7b187d85ba9505f46668a2,KC-003,Americanas,https://www.americanas.com.br/,https://www.americanas.com.br/,E-commerce,2026-10-07T13:37:33.951274700Z,2026-10-07T13:37:45.373748Z,FAILED,be0cc785-17cd-4dfa-be3d-88269d0920e2,,,,,,,,11415,10942,,,,,,LIMIT_EXCEEDED,A página excede o limite de altura da screenshot.,,,,,,
8411729c-fa79-4356-b6f9-bc0972fab79f,17ba95f31e0431bcde739e65dd35036d0265c0750a7b187d85ba9505f46668a2,KC-004,TerabyteShop,https://www.terabyteshop.com.br/,https://www.terabyteshop.com.br/,E-commerce,2026-10-07T13:37:45.617394600Z,2026-10-07T13:37:48.513757400Z,FAILED,a9af4f22-852e-408a-93fe-b7a8c6ba9b88,,,,,,,,2898,2424,,,,,,INACCESSIBLE,Página inacessível ou resposta HTTP de erro.,,,,,,
8411729c-fa79-4356-b6f9-bc0972fab79f,17ba95f31e0431bcde739e65dd35036d0265c0750a7b187d85ba9505f46668a2,KC-005,Tramontina Store,https://www.tramontina.com.br/,https://www.tramontina.com.br/,E-commerce,2026-10-07T13:37:48.864517600Z,2026-10-07T13:38:07.870522200Z,FAILED,8c314465-fc68-49f5-9b5f-f1df6e3ea0a0,,,,,,,,19011,18527,,,,,,TIMEOUT,O carregamento da página excedeu o tempo limite.,,,,,,
8411729c-fa79-4356-b6f9-bc0972fab79f,17ba95f31e0431bcde739e65dd35036d0265c0750a7b187d85ba9505f46668a2,KC-006,Natura,https://www.natura.com.br/,https://www.natura.com.br/,E-commerce,2026-10-07T13:38:08.136068Z,2026-10-07T13:38:16.760149Z,FAILED,1d040bec-747f-4d80-9a3b-fe0382581794,,,,,,,,8623,8121,,,,,,BROWSER,Não foi possível abrir a página. Verifique a instalação do Chromium e a conectividade.,,,,,,
8411729c-fa79-4356-b6f9-bc0972fab79f,17ba95f31e0431bcde739e65dd35036d0265c0750a7b187d85ba9505f46668a2,KC-007,Leroy Merlin Brasil,https://www.leroymerlin.com.br/,https://www.leroymerlin.com.br/,E-commerce,2026-10-07T13:38:17.015239400Z,2026-10-07T13:38:20.927014100Z,FAILED,30b1c2b1-3d93-4b8f-a001-686426560913,,,,,,,,3912,3420,,,,,,INACCESSIBLE,Página inacessível ou resposta HTTP de erro.,,,,,,
8411729c-fa79-4356-b6f9-bc0972fab79f,17ba95f31e0431bcde739e65dd35036d0265c0750a7b187d85ba9505f46668a2,KC-008,MadeiraMadeira,https://www.madeiramadeira.com.br/,https://www.madeiramadeira.com.br/,E-commerce,2026-10-07T13:38:21.247964800Z,2026-10-07T13:38:44.477099200Z,COMPLETED,5c9b6f37-83df-427e-a12f-f20a8771d90b,87,92,12,12,0,0,0,23229,21874,1.0-contrast-aa-machado1-rgb-heuristic,0,false,false,46,,,https://www.madeiramadeira.com.br/,153.0.8010.12,1280,720,15000,500
8411729c-fa79-4356-b6f9-bc0972fab79f,17ba95f31e0431bcde739e65dd35036d0265c0750a7b187d85ba9505f46668a2,KC-009,Cobasi,https://www.cobasi.com.br/,https://www.cobasi.com.br/,E-commerce,2026-10-07T13:38:44.722822700Z,2026-10-07T13:39:54.472836100Z,COMPLETED,f047ad27-9abb-4274-ae5c-2905bf2b6412,71,761,218,218,0,0,0,69760,60993,1.0-contrast-aa-machado1-rgb-heuristic,0,false,false,49,,,https://www.cobasi.com.br/,153.0.8010.12,1280,720,15000,500
8411729c-fa79-4356-b6f9-bc0972fab79f,17ba95f31e0431bcde739e65dd35036d0265c0750a7b187d85ba9505f46668a2,KC-010,Le Postiche,https://www.lepostiche.com.br/,https://www.lepostiche.com.br/,E-commerce,2026-10-07T13:39:54.711123700Z,2026-10-07T13:40:17.220530200Z,COMPLETED,2c62bab0-c3cb-4a7a-be42-bb8feda013a9,90,124,12,12,0,0,0,22498,21157,1.0-contrast-aa-machado1-rgb-heuristic,0,false,false,21,,,https://www.lepostiche.com.br/,153.0.8010.12,1280,720,15000,500
8411729c-fa79-4356-b6f9-bc0972fab79f,17ba95f31e0431bcde739e65dd35036d0265c0750a7b187d85ba9505f46668a2,KC-011,Centauro,https://www.centauro.com.br/,https://www.centauro.com.br/,E-commerce,2026-10-07T13:40:17.457104900Z,2026-10-07T13:40:19.579761400Z,FAILED,3fb2c72b-083c-4dba-a883-7c5bd86e207d,,,,,,,,2120,1659,,,,,,INACCESSIBLE,Página inacessível ou resposta HTTP de erro.,,,,,,
8411729c-fa79-4356-b6f9-bc0972fab79f,17ba95f31e0431bcde739e65dd35036d0265c0750a7b187d85ba9505f46668a2,KC-012,Lojas Renner,https://www.lojasrenner.com.br/,https://www.lojasrenner.com.br/,E-commerce,2026-10-07T13:40:19.889928800Z,2026-10-07T13:40:42.521195200Z,COMPLETED,88925aa9-2565-4fac-91af-c1330a84f491,89,85,9,9,0,0,0,22632,21095,1.0-contrast-aa-machado1-rgb-heuristic,0,false,false,0,,,https://www.lojasrenner.com.br/,153.0.8010.12,1280,720,15000,500
8411729c-fa79-4356-b6f9-bc0972fab79f,17ba95f31e0431bcde739e65dd35036d0265c0750a7b187d85ba9505f46668a2,KC-013,C&A Brasil,https://www.cea.com.br/,https://www.cea.com.br/,E-commerce,2026-10-07T13:40:42.785057400Z,2026-10-07T13:40:57.529758100Z,FAILED,a1862cc2-24ba-44a1-b406-2720eb377f48,,,,,,,,14743,14188,,,,,,LIMIT_EXCEEDED,A página excede o limite de altura da screenshot.,,,,,,
8411729c-fa79-4356-b6f9-bc0972fab79f,17ba95f31e0431bcde739e65dd35036d0265c0750a7b187d85ba9505f46668a2,KC-014,Bagaggio,https://www.bagaggio.com.br/,https://www.bagaggio.com.br/,E-commerce,2026-10-07T13:40:57.875134200Z,2026-10-07T13:41:28.812436Z,COMPLETED,c6bef31f-9d7a-4e50-8c91-89efd15f4e97,49,119,61,61,0,0,0,30939,27779,1.0-contrast-aa-machado1-rgb-heuristic,2,false,false,26,,,https://www.bagaggio.com.br/,153.0.8010.12,1280,720,15000,500
8411729c-fa79-4356-b6f9-bc0972fab79f,17ba95f31e0431bcde739e65dd35036d0265c0750a7b187d85ba9505f46668a2,KC-015,Havan,https://www.havan.com.br/,https://www.havan.com.br/,E-commerce,2026-10-07T13:41:29.054117Z,2026-10-07T13:41:52.058019400Z,COMPLETED,de2f309c-06f6-495c-9aa4-412da770a354,96,315,13,12,0,0,1,22998,19471,1.0-contrast-aa-machado1-rgb-heuristic,3,false,false,7,,,https://www.havan.com.br/,153.0.8010.12,1280,720,15000,500
8411729c-fa79-4356-b6f9-bc0972fab79f,17ba95f31e0431bcde739e65dd35036d0265c0750a7b187d85ba9505f46668a2,KC-016,Drogaria Araujo,https://www.araujo.com.br/,https://www.araujo.com.br/,E-commerce,2026-10-07T13:41:52.345664Z,2026-10-07T13:41:54.765383700Z,FAILED,607516f1-5f4c-46c0-bdb8-8d5645ba08d6,,,,,,,,2420,1919,,,,,,INACCESSIBLE,Página inacessível ou resposta HTTP de erro.,,,,,,
8411729c-fa79-4356-b6f9-bc0972fab79f,17ba95f31e0431bcde739e65dd35036d0265c0750a7b187d85ba9505f46668a2,KC-017,Panvel,https://www.panvel.com/,https://www.panvel.com/,E-commerce,2026-10-07T13:41:55.109681900Z,2026-10-07T13:41:57.764654200Z,FAILED,f14be9d0-bd36-4093-b953-9b251fee6cb7,,,,,,,,2668,2196,,,,,,INACCESSIBLE,Página inacessível ou resposta HTTP de erro.,,,,,,
8411729c-fa79-4356-b6f9-bc0972fab79f,17ba95f31e0431bcde739e65dd35036d0265c0750a7b187d85ba9505f46668a2,KC-018,Livraria da Travessa,https://www.travessa.com.br/,https://www.travessa.com.br/,E-commerce,2026-10-07T13:41:58.095361300Z,2026-10-07T13:42:42.424907400Z,COMPLETED,a17c67a7-b19d-49df-ae0f-d1db2f6e2368,84,571,92,92,0,0,0,44329,32911,1.0-contrast-aa-machado1-rgb-heuristic,1,false,false,16,,,https://www.travessa.com.br/,153.0.8010.12,1280,720,15000,500
8411729c-fa79-4356-b6f9-bc0972fab79f,17ba95f31e0431bcde739e65dd35036d0265c0750a7b187d85ba9505f46668a2,KC-019,Kalunga,https://www.kalunga.com.br/,https://www.kalunga.com.br/,E-commerce,2026-10-07T13:42:42.682256600Z,2026-10-07T13:43:04.778013500Z,COMPLETED,163d410a-92b0-40b8-aaad-b43d4331861c,99,146,1,1,0,0,0,22101,20994,1.0-contrast-aa-machado1-rgb-heuristic,18,false,false,21,,,https://www.kalunga.com.br/,153.0.8010.12,1280,720,15000,500
8411729c-fa79-4356-b6f9-bc0972fab79f,17ba95f31e0431bcde739e65dd35036d0265c0750a7b187d85ba9505f46668a2,KC-020,Wine,https://www.wine.com.br/,https://www.wine.com.br/,E-commerce,2026-10-07T13:43:05.027512Z,2026-10-07T13:43:31.370823200Z,FAILED,9e3ae4b0-4ce3-4054-a527-46ed0f92ea46,,,,,,,,26339,25864,,,,,,TIMEOUT,O carregamento da página excedeu o tempo limite.,,,,,,
8411729c-fa79-4356-b6f9-bc0972fab79f,17ba95f31e0431bcde739e65dd35036d0265c0750a7b187d85ba9505f46668a2,KC-021,Universidade de São Paulo,https://www5.usp.br/,https://www5.usp.br/,Educação,2026-10-07T13:43:31.712578300Z,2026-10-07T13:43:34.179711900Z,FAILED,6c89e053-6538-4f3d-b82c-c0f379708c1b,,,,,,,,2472,1995,,,,,,INACCESSIBLE,Página inacessível ou resposta HTTP de erro.,,,,,,
8411729c-fa79-4356-b6f9-bc0972fab79f,17ba95f31e0431bcde739e65dd35036d0265c0750a7b187d85ba9505f46668a2,KC-022,Universidade Estadual de Campinas,https://www.unicamp.br/,https://www.unicamp.br/,Educação,2026-10-07T13:43:34.507620700Z,2026-10-07T13:44:05.151406900Z,COMPLETED,4345ddd3-3575-495d-8cc4-19f419ce98ad,67,147,49,49,0,0,0,30642,28640,1.0-contrast-aa-machado1-rgb-heuristic,12,false,false,5,,,https://www.unicamp.br/,153.0.8010.12,1280,720,15000,500
8411729c-fa79-4356-b6f9-bc0972fab79f,17ba95f31e0431bcde739e65dd35036d0265c0750a7b187d85ba9505f46668a2,KC-023,Universidade Federal do Rio de Janeiro,https://ufrj.br/,https://ufrj.br/,Educação,2026-10-07T13:44:05.391434100Z,2026-10-07T13:44:22.044075400Z,COMPLETED,a0cd738d-94e6-4c09-8173-e685d8b178b1,100,108,0,0,0,0,0,16654,15622,1.0-contrast-aa-machado1-rgb-heuristic,2,false,false,3,,,https://ufrj.br/,153.0.8010.12,1280,720,15000,500
8411729c-fa79-4356-b6f9-bc0972fab79f,17ba95f31e0431bcde739e65dd35036d0265c0750a7b187d85ba9505f46668a2,KC-024,Universidade Federal de Minas Gerais,https://www.ufmg.br/,https://www.ufmg.br/,Educação,2026-10-07T13:44:22.383168Z,2026-10-07T13:44:46.930825300Z,COMPLETED,4fe73be2-4623-44b3-a0a0-c06b25eb3e97,91,138,12,12,0,0,0,24539,22228,1.0-contrast-aa-machado1-rgb-heuristic,78,false,false,3,,,https://www.ufmg.br/,153.0.8010.12,1280,720,15000,500
8411729c-fa79-4356-b6f9-bc0972fab79f,17ba95f31e0431bcde739e65dd35036d0265c0750a7b187d85ba9505f46668a2,KC-025,Universidade Federal do Rio Grande do Sul,https://www.ufrgs.br/,https://www.ufrgs.br/,Educação,2026-10-07T13:44:47.206752600Z,2026-10-07T13:44:49.722297700Z,FAILED,bf703def-a659-4dfa-9d3f-e72e10e99aae,,,,,,,,2510,2033,,,,,,BLOCKED,Redirecionamento HTTP bloqueado nesta versão. Informe a URL final diretamente.,,,,,,
8411729c-fa79-4356-b6f9-bc0972fab79f,17ba95f31e0431bcde739e65dd35036d0265c0750a7b187d85ba9505f46668a2,KC-026,Universidade Federal da Bahia,https://ufba.br/,https://ufba.br/,Educação,2026-10-07T13:44:50.045519100Z,2026-10-07T13:45:10.420683Z,FAILED,0aa64a55-245a-471e-91ae-e247e70b304d,,,,,,,,20369,19908,,,,,,TIMEOUT,O carregamento da página excedeu o tempo limite.,,,,,,
8411729c-fa79-4356-b6f9-bc0972fab79f,17ba95f31e0431bcde739e65dd35036d0265c0750a7b187d85ba9505f46668a2,KC-027,Universidade Federal do Rio Grande do Norte,https://www.ufrn.br/,https://www.ufrn.br/,Educação,2026-10-07T13:45:10.740251900Z,2026-10-07T13:45:34.488037600Z,COMPLETED,c45aa522-162f-4e30-9766-515e62fbd4b5,95,127,6,6,0,0,0,23738,21430,1.0-contrast-aa-machado1-rgb-heuristic,51,false,false,1,,,https://www.ufrn.br/,153.0.8010.12,1280,720,15000,500
8411729c-fa79-4356-b6f9-bc0972fab79f,17ba95f31e0431bcde739e65dd35036d0265c0750a7b187d85ba9505f46668a2,KC-028,Universidade Federal do Ceará,https://www.ufc.br/pt,https://www.ufc.br/pt,Educação,2026-10-07T13:45:34.805730700Z,2026-10-07T13:45:56.927305800Z,FAILED,b3a99962-ddc2-4da8-ac1a-b6f847b96b26,,,,,,,,22128,21657,,,,,,TIMEOUT,O carregamento da página excedeu o tempo limite.,,,,,,
8411729c-fa79-4356-b6f9-bc0972fab79f,17ba95f31e0431bcde739e65dd35036d0265c0750a7b187d85ba9505f46668a2,KC-029,Universidade Federal do Pará,https://ufpa.br/,https://ufpa.br/,Educação,2026-10-07T13:45:57.244585300Z,2026-10-07T13:46:17.033786200Z,FAILED,79a452e8-ef21-454f-9706-5bd199982405,,,,,,,,19780,19304,,,,,,TIMEOUT,O carregamento da página excedeu o tempo limite.,,,,,,
8411729c-fa79-4356-b6f9-bc0972fab79f,17ba95f31e0431bcde739e65dd35036d0265c0750a7b187d85ba9505f46668a2,KC-030,Universidade de Brasília,https://www.unb.br/,https://www.unb.br/,Educação,2026-10-07T13:46:17.367018Z,2026-10-07T13:46:32.099503800Z,COMPLETED,c6d074c6-fe8c-40b3-b4a9-7df4e3bbe49d,97,148,4,4,0,0,0,14742,12692,1.0-contrast-aa-machado1-rgb-heuristic,112,false,false,8,,,https://www.unb.br/,153.0.8010.12,1280,720,15000,500
8411729c-fa79-4356-b6f9-bc0972fab79f,17ba95f31e0431bcde739e65dd35036d0265c0750a7b187d85ba9505f46668a2,KC-031,PUC-Rio,https://www.puc-rio.br/,https://www.puc-rio.br/,Educação,2026-10-07T13:46:32.363907Z,2026-10-07T13:47:06.003567900Z,COMPLETED,e3f956df-ee0c-4171-9407-5d686b51fd7a,94,77,5,5,0,0,0,33639,32456,1.0-contrast-aa-machado1-rgb-heuristic,12,false,false,51,,,https://www.puc-rio.br/,153.0.8010.12,1280,720,15000,500
8411729c-fa79-4356-b6f9-bc0972fab79f,17ba95f31e0431bcde739e65dd35036d0265c0750a7b187d85ba9505f46668a2,KC-032,Universidade Presbiteriana Mackenzie,https://www.mackenzie.br/,https://www.mackenzie.br/,Educação,2026-10-07T13:47:06.433492300Z,2026-10-07T13:47:28.405680900Z,FAILED,435995aa-09e3-4e87-9e70-6caa2bf3547c,,,,,,,,21970,21486,,,,,,TIMEOUT,O carregamento da página excedeu o tempo limite.,,,,,,
8411729c-fa79-4356-b6f9-bc0972fab79f,17ba95f31e0431bcde739e65dd35036d0265c0750a7b187d85ba9505f46668a2,KC-033,FECAP,https://www.fecap.br/,https://www.fecap.br/,Educação,2026-10-07T13:47:28.781988400Z,2026-10-07T13:47:42.855092Z,COMPLETED,5fa43b44-3e0f-474f-90df-73159a733a17,96,114,4,4,0,0,0,14071,12644,1.0-contrast-aa-machado1-rgb-heuristic,34,false,false,1,,,https://www.fecap.br/,153.0.8010.12,1280,720,15000,500
8411729c-fa79-4356-b6f9-bc0972fab79f,17ba95f31e0431bcde739e65dd35036d0265c0750a7b187d85ba9505f46668a2,KC-034,Universidade Cruzeiro do Sul,https://www.cruzeirodosul.edu.br/,https://www.cruzeirodosul.edu.br/,Educação,2026-10-07T13:47:43.083365800Z,2026-10-07T13:47:46.732760700Z,FAILED,741d8e36-a799-41e7-a2c0-a7ae43506ec3,,,,,,,,3640,3185,,,,,,INACCESSIBLE,Página inacessível ou resposta HTTP de erro.,,,,,,
8411729c-fa79-4356-b6f9-bc0972fab79f,17ba95f31e0431bcde739e65dd35036d0265c0750a7b187d85ba9505f46668a2,KC-035,ESPM,https://www.espm.br/,https://www.espm.br/,Educação,2026-10-07T13:47:47.117798200Z,2026-10-07T13:48:06.066448600Z,FAILED,30d88436-f92b-4612-8be8-bf11da99450f,,,,,,,,18955,18494,,,,,,TIMEOUT,O carregamento da página excedeu o tempo limite.,,,,,,
8411729c-fa79-4356-b6f9-bc0972fab79f,17ba95f31e0431bcde739e65dd35036d0265c0750a7b187d85ba9505f46668a2,KC-036,Instituto Federal do Ceará,https://portal.ifce.edu.br/,https://portal.ifce.edu.br/,Educação,2026-10-07T13:48:06.473909200Z,2026-10-07T13:48:43.116595300Z,COMPLETED,1b517b0b-70ab-4b27-bcb4-3711912965be,79,336,71,71,0,0,0,36635,29596,1.0-contrast-aa-machado1-rgb-heuristic,7,false,false,3,,,https://portal.ifce.edu.br/,153.0.8010.12,1280,720,15000,500
8411729c-fa79-4356-b6f9-bc0972fab79f,17ba95f31e0431bcde739e65dd35036d0265c0750a7b187d85ba9505f46668a2,KC-037,Universidade Tecnológica Federal do Paraná,https://www.utfpr.edu.br/,https://www.utfpr.edu.br/,Educação,2026-10-07T13:48:43.361210900Z,2026-10-07T13:49:06.433534300Z,COMPLETED,d49636c0-5421-4fb3-9e2b-d5ab6d3850d3,90,93,9,9,0,0,0,23070,21843,1.0-contrast-aa-machado1-rgb-heuristic,0,false,false,17,,,https://www.utfpr.edu.br/,153.0.8010.12,1280,720,15000,500
8411729c-fa79-4356-b6f9-bc0972fab79f,17ba95f31e0431bcde739e65dd35036d0265c0750a7b187d85ba9505f46668a2,KC-038,Fatec São Paulo,https://www.fatecsp.br/,https://www.fatecsp.br/,Educação,2026-10-07T13:49:06.823285300Z,2026-10-07T13:49:26.845771700Z,COMPLETED,71bdb466-cdd3-47f2-9ccb-42c64ac3446d,74,38,10,10,0,0,0,20023,18761,1.0-contrast-aa-machado1-rgb-heuristic,103,false,false,2,,,https://www.fatecsp.br/,153.0.8010.12,1280,720,15000,500
8411729c-fa79-4356-b6f9-bc0972fab79f,17ba95f31e0431bcde739e65dd35036d0265c0750a7b187d85ba9505f46668a2,KC-039,Colégio Santa Cruz de Araguaína,https://www.colegiosantacruz.g12.br/,https://www.colegiosantacruz.g12.br/,Educação,2026-10-07T13:49:27.102630900Z,2026-10-07T13:49:38.152816700Z,COMPLETED,3ecbefe4-6974-4d0a-a3e3-4c1f6a33d405,100,57,0,0,0,0,0,11050,10081,1.0-contrast-aa-machado1-rgb-heuristic,39,false,false,4,,,https://www.colegiosantacruz.g12.br/,153.0.8010.12,1280,720,15000,500
8411729c-fa79-4356-b6f9-bc0972fab79f,17ba95f31e0431bcde739e65dd35036d0265c0750a7b187d85ba9505f46668a2,KC-040,Senac São Paulo,https://www.sp.senac.br/,https://www.sp.senac.br/,Educação,2026-10-07T13:49:38.407622400Z,2026-10-07T13:49:40.685569300Z,FAILED,1c03ee8e-facd-4a62-abfb-a509fce05556,,,,,,,,2276,1799,,,,,,INACCESSIBLE,Página inacessível ou resposta HTTP de erro.,,,,,,
8411729c-fa79-4356-b6f9-bc0972fab79f,17ba95f31e0431bcde739e65dd35036d0265c0750a7b187d85ba9505f46668a2,KC-041,g1,https://g1.globo.com/,https://g1.globo.com/,Notícias e conteúdo,2026-10-07T13:49:41.085625900Z,2026-10-07T13:50:21.448570900Z,FAILED,b4f65473-279d-462b-923a-872b29ddebd6,,,,,,,,40373,39890,,,,,,TIMEOUT,O carregamento da página excedeu o tempo limite.,,,,,,
8411729c-fa79-4356-b6f9-bc0972fab79f,17ba95f31e0431bcde739e65dd35036d0265c0750a7b187d85ba9505f46668a2,KC-042,Folha de S.Paulo,https://www.folha.uol.com.br/,https://www.folha.uol.com.br/,Notícias e conteúdo,2026-10-07T13:50:21.865661300Z,2026-10-07T13:50:38.366350100Z,FAILED,b5d71b8f-259c-4a17-9fc3-05bca9f958f9,,,,,,,,16498,16028,,,,,,LIMIT_EXCEEDED,A página excede o limite de altura da screenshot.,,,,,,
8411729c-fa79-4356-b6f9-bc0972fab79f,17ba95f31e0431bcde739e65dd35036d0265c0750a7b187d85ba9505f46668a2,KC-043,Estadão,https://www.estadao.com.br/,https://www.estadao.com.br/,Notícias e conteúdo,2026-10-07T13:50:38.761248300Z,2026-10-07T13:50:59.438081900Z,FAILED,2e4bb4b3-6536-48d6-ba3d-9209555acdf5,,,,,,,,20674,20194,,,,,,TIMEOUT,O carregamento da página excedeu o tempo limite.,,,,,,
8411729c-fa79-4356-b6f9-bc0972fab79f,17ba95f31e0431bcde739e65dd35036d0265c0750a7b187d85ba9505f46668a2,KC-044,BBC News Brasil,https://www.bbc.com/portuguese,https://www.bbc.com/portuguese,Notícias e conteúdo,2026-10-07T13:50:59.849252Z,2026-10-07T13:51:23.961349900Z,COMPLETED,993d368d-3086-47a1-98c3-b05881eb8a3b,98,209,4,4,0,0,0,24114,22642,1.0-contrast-aa-machado1-rgb-heuristic,106,false,false,0,,,https://www.bbc.com/portuguese,153.0.8010.12,1280,720,15000,500
8411729c-fa79-4356-b6f9-bc0972fab79f,17ba95f31e0431bcde739e65dd35036d0265c0750a7b187d85ba9505f46668a2,KC-045,DW Brasil,https://www.dw.com/pt-br/not%C3%ADcias/s-7111,https://www.dw.com/pt-br/not%C3%ADcias/s-7111,Notícias e conteúdo,2026-10-07T13:51:24.234822300Z,2026-10-07T13:51:41.071811900Z,COMPLETED,d25a7ca0-c8d9-4787-8aa6-db61d3c06ef9,97,193,6,6,0,0,0,16838,15508,1.0-contrast-aa-machado1-rgb-heuristic,0,false,false,5,,,https://www.dw.com/pt-br/not%C3%ADcias/s-7111,153.0.8010.12,1280,720,15000,500
8411729c-fa79-4356-b6f9-bc0972fab79f,17ba95f31e0431bcde739e65dd35036d0265c0750a7b187d85ba9505f46668a2,KC-046,Agência Brasil,https://agenciabrasil.ebc.com.br/,https://agenciabrasil.ebc.com.br/,Notícias e conteúdo,2026-10-07T13:51:41.333519Z,2026-10-07T13:52:00.133074400Z,COMPLETED,639231d8-379a-42a1-ac02-75f571b5abf3,,0,0,0,0,0,0,18799,17472,1.0-contrast-aa-machado1-rgb-heuristic,242,false,false,12,,,https://agenciabrasil.ebc.com.br/,153.0.8010.12,1280,720,15000,500
8411729c-fa79-4356-b6f9-bc0972fab79f,17ba95f31e0431bcde739e65dd35036d0265c0750a7b187d85ba9505f46668a2,KC-047,O TEMPO,https://www.otempo.com.br/,https://www.otempo.com.br/,Notícias e conteúdo,2026-10-07T13:52:00.436517400Z,2026-10-07T13:52:23.778773900Z,FAILED,31de9281-e4de-4512-9e6f-87b9228f1c3c,,,,,,,,23344,22869,,,,,,TIMEOUT,O carregamento da página excedeu o tempo limite.,,,,,,
8411729c-fa79-4356-b6f9-bc0972fab79f,17ba95f31e0431bcde739e65dd35036d0265c0750a7b187d85ba9505f46668a2,KC-048,Agência Pública,https://apublica.org/,https://apublica.org/,Notícias e conteúdo,2026-10-07T13:52:24.185522100Z,2026-10-07T13:52:45.695105700Z,FAILED,e66e8f41-116a-43ad-b174-2f3c486f9263,,,,,,,,21510,21023,,,,,,TIMEOUT,O carregamento da página excedeu o tempo limite.,,,,,,
8411729c-fa79-4356-b6f9-bc0972fab79f,17ba95f31e0431bcde739e65dd35036d0265c0750a7b187d85ba9505f46668a2,KC-049,Aos Fatos,https://www.aosfatos.org/,https://www.aosfatos.org/,Notícias e conteúdo,2026-10-07T13:52:46.131637Z,2026-10-07T13:53:10.306277300Z,COMPLETED,f000518b-4660-4a84-8bf2-334308d75f36,97,204,7,7,0,0,0,24174,22845,1.0-contrast-aa-machado1-rgb-heuristic,12,false,false,6,,,https://www.aosfatos.org/,153.0.8010.12,1280,720,15000,500
8411729c-fa79-4356-b6f9-bc0972fab79f,17ba95f31e0431bcde739e65dd35036d0265c0750a7b187d85ba9505f46668a2,KC-050,Congresso em Foco,https://www.congressoemfoco.com.br/,https://www.congressoemfoco.com.br/,Notícias e conteúdo,2026-10-07T13:53:10.560242500Z,2026-10-07T13:53:30.127481800Z,COMPLETED,d3a5b575-128a-4d8c-bdc7-62adc60e6377,97,122,5,4,1,0,0,19564,18282,1.0-contrast-aa-machado1-rgb-heuristic,0,false,false,16,,,https://www.congressoemfoco.com.br/,153.0.8010.12,1280,720,15000,500
8411729c-fa79-4356-b6f9-bc0972fab79f,17ba95f31e0431bcde739e65dd35036d0265c0750a7b187d85ba9505f46668a2,KC-051,Poder360,https://www.poder360.com.br/,https://www.poder360.com.br/,Notícias e conteúdo,2026-10-07T13:53:30.380410700Z,2026-10-07T13:54:02.743320Z,FAILED,627bb654-b153-494d-86fc-2419cc3a94f0,,,,,,,,32364,31876,,,,,,TIMEOUT,O carregamento da página excedeu o tempo limite.,,,,,,
8411729c-fa79-4356-b6f9-bc0972fab79f,17ba95f31e0431bcde739e65dd35036d0265c0750a7b187d85ba9505f46668a2,KC-052,Jornal Opção,https://www.jornalopcao.com.br/,https://www.jornalopcao.com.br/,Notícias e conteúdo,2026-10-07T13:54:03.157875800Z,2026-10-07T13:54:06.333120200Z,FAILED,79bbf897-e654-4632-8dd3-c988dbc174c8,,,,,,,,3173,2696,,,,,,INACCESSIBLE,Página inacessível ou resposta HTTP de erro.,,,,,,
8411729c-fa79-4356-b6f9-bc0972fab79f,17ba95f31e0431bcde739e65dd35036d0265c0750a7b187d85ba9505f46668a2,KC-053,Intercept Brasil,https://www.intercept.com.br/,https://www.intercept.com.br/,Notícias e conteúdo,2026-10-07T13:54:06.745778200Z,2026-10-07T13:54:09.911606Z,FAILED,dfad1bb8-e27a-48af-b31e-31f8daf8607e,,,,,,,,3165,2698,,,,,,INACCESSIBLE,Página inacessível ou resposta HTTP de erro.,,,,,,
8411729c-fa79-4356-b6f9-bc0972fab79f,17ba95f31e0431bcde739e65dd35036d0265c0750a7b187d85ba9505f46668a2,KC-054,Brasil de Fato,https://www.brasildefato.com.br/,https://www.brasildefato.com.br/,Notícias e conteúdo,2026-10-07T13:54:10.298292100Z,2026-10-07T13:54:47.985615500Z,COMPLETED,b69fca1d-ef8d-4b6d-90e0-2f9b5c5d1581,65,200,71,71,0,0,0,37686,35537,1.0-contrast-aa-machado1-rgb-heuristic,2,false,false,36,,,https://www.brasildefato.com.br/,153.0.8010.12,1280,720,15000,500
8411729c-fa79-4356-b6f9-bc0972fab79f,17ba95f31e0431bcde739e65dd35036d0265c0750a7b187d85ba9505f46668a2,KC-055,CartaCapital,https://www.cartacapital.com.br/,https://www.cartacapital.com.br/,Notícias e conteúdo,2026-10-07T13:54:48.248432800Z,2026-10-07T13:54:55.582907300Z,FAILED,b7f40012-33aa-4c1f-ac15-94a0da56ce49,,,,,,,,7334,6869,,,,,,LIMIT_EXCEEDED,A página excede o limite de altura da screenshot.,,,,,,
8411729c-fa79-4356-b6f9-bc0972fab79f,17ba95f31e0431bcde739e65dd35036d0265c0750a7b187d85ba9505f46668a2,KC-056,Jornal do Comércio (RS),https://www.jornaldocomercio.com/,https://www.jornaldocomercio.com/,Notícias e conteúdo,2026-10-07T13:54:55.988532100Z,2026-10-07T13:55:13.802169200Z,FAILED,3c916916-52d2-4677-b00d-2b69aa9a13b2,,,,,,,,17813,17316,,,,,,TIMEOUT,O carregamento da página excedeu o tempo limite.,,,,,,
8411729c-fa79-4356-b6f9-bc0972fab79f,17ba95f31e0431bcde739e65dd35036d0265c0750a7b187d85ba9505f46668a2,KC-057,((o))eco,https://oeco.org.br/,https://oeco.org.br/,Notícias e conteúdo,2026-10-07T13:55:14.219166600Z,2026-10-07T13:55:40.280091Z,COMPLETED,eec7fe49-96b6-4513-a89b-0094cd677914,89,211,25,23,0,1,1,26059,24488,1.0-contrast-aa-machado1-rgb-heuristic,0,false,false,9,,,https://oeco.org.br/,153.0.8010.12,1280,720,15000,500
8411729c-fa79-4356-b6f9-bc0972fab79f,17ba95f31e0431bcde739e65dd35036d0265c0750a7b187d85ba9505f46668a2,KC-058,Opera Mundi,https://operamundi.uol.com.br/,https://operamundi.uol.com.br/,Notícias e conteúdo,2026-10-07T13:55:40.555253Z,2026-10-07T13:56:12.217138800Z,FAILED,1dbcdab4-d3d6-4cfb-a7f3-d47d6d629ba7,,,,,,,,31675,31195,,,,,,TIMEOUT,O carregamento da página excedeu o tempo limite.,,,,,,
8411729c-fa79-4356-b6f9-bc0972fab79f,17ba95f31e0431bcde739e65dd35036d0265c0750a7b187d85ba9505f46668a2,KC-059,Diário do Nordeste,https://diariodonordeste.verdesmares.com.br/,https://diariodonordeste.verdesmares.com.br/,Notícias e conteúdo,2026-10-07T13:56:12.624891800Z,2026-10-07T13:56:47.034610Z,COMPLETED,5a3f4658-a86a-4d01-bb58-2f7ff02dbc45,83,214,36,36,0,0,0,34410,32833,1.0-contrast-aa-machado1-rgb-heuristic,0,false,false,26,,,https://diariodonordeste.verdesmares.com.br/,153.0.8010.12,1280,720,15000,500
8411729c-fa79-4356-b6f9-bc0972fab79f,17ba95f31e0431bcde739e65dd35036d0265c0750a7b187d85ba9505f46668a2,KC-060,Correio Braziliense,https://www.correiobraziliense.com.br/,https://www.correiobraziliense.com.br/,Notícias e conteúdo,2026-10-07T13:56:47.313731600Z,2026-10-07T13:57:09.790199400Z,FAILED,1f41da4f-4913-4630-adf6-718844437335,,,,,,,,22479,22009,,,,,,TIMEOUT,O carregamento da página excedeu o tempo limite.,,,,,,
8411729c-fa79-4356-b6f9-bc0972fab79f,17ba95f31e0431bcde739e65dd35036d0265c0750a7b187d85ba9505f46668a2,KC-061,Omie,https://www.omie.com.br/,https://www.omie.com.br/,Serviços,2026-10-07T13:57:10.205591700Z,2026-10-07T13:57:30.576054200Z,COMPLETED,40686c8b-b809-4972-b130-cc2d9e66c8cb,98,158,6,3,1,1,1,20372,19071,1.0-contrast-aa-machado1-rgb-heuristic,57,false,false,11,,,https://www.omie.com.br/,153.0.8010.12,1280,720,15000,500
8411729c-fa79-4356-b6f9-bc0972fab79f,17ba95f31e0431bcde739e65dd35036d0265c0750a7b187d85ba9505f46668a2,KC-062,Sabesp,https://www.sabesp.com.br/,https://www.sabesp.com.br/,Serviços,2026-10-07T13:57:30.836035800Z,2026-10-07T13:57:56.614037800Z,COMPLETED,dfb644da-3dae-43cf-a7b5-ef3822f41d36,74,119,31,31,0,0,0,25781,24398,1.0-contrast-aa-machado1-rgb-heuristic,8,false,false,11,,,https://www.sabesp.com.br/,153.0.8010.12,1280,720,15000,500
8411729c-fa79-4356-b6f9-bc0972fab79f,17ba95f31e0431bcde739e65dd35036d0265c0750a7b187d85ba9505f46668a2,KC-063,Itaú,https://www.itau.com.br/,https://www.itau.com.br/,Serviços,2026-10-07T13:57:56.877188300Z,2026-10-07T13:58:02.484280400Z,FAILED,3fc0e6cb-abd6-46f5-97eb-7779e405d4c0,,,,,,,,5607,5140,,,,,,INACCESSIBLE,Página inacessível ou resposta HTTP de erro.,,,,,,
8411729c-fa79-4356-b6f9-bc0972fab79f,17ba95f31e0431bcde739e65dd35036d0265c0750a7b187d85ba9505f46668a2,KC-064,Cemig,https://www.cemig.com.br/,https://www.cemig.com.br/,Serviços,2026-10-07T13:58:02.885071300Z,2026-10-07T13:58:21.185138200Z,COMPLETED,78756c1c-efe8-447b-800e-480e3a00716c,100,24,0,0,0,0,0,18298,16792,1.0-contrast-aa-machado1-rgb-heuristic,116,false,false,2,,,https://www.cemig.com.br/,153.0.8010.12,1280,720,15000,500
8411729c-fa79-4356-b6f9-bc0972fab79f,17ba95f31e0431bcde739e65dd35036d0265c0750a7b187d85ba9505f46668a2,KC-065,Santander Brasil,https://www.santander.com.br/,https://www.santander.com.br/,Serviços,2026-10-07T13:58:21.447452500Z,2026-10-07T13:58:23.939430500Z,FAILED,f37c4fcf-7d0e-42cd-8ce7-ccc68efd901a,,,,,,,,2503,2036,,,,,,INACCESSIBLE,Página inacessível ou resposta HTTP de erro.,,,,,,
8411729c-fa79-4356-b6f9-bc0972fab79f,17ba95f31e0431bcde739e65dd35036d0265c0750a7b187d85ba9505f46668a2,KC-066,Nubank,https://nubank.com.br/,https://nubank.com.br/,Serviços,2026-10-07T13:58:24.350579400Z,2026-10-07T13:58:44.745997100Z,COMPLETED,07d91c0b-eddb-426c-9511-17f41b018fd2,100,86,0,0,0,0,0,20393,19440,1.0-contrast-aa-machado1-rgb-heuristic,0,false,false,0,,,https://nubank.com.br/,153.0.8010.12,1280,720,15000,500
8411729c-fa79-4356-b6f9-bc0972fab79f,17ba95f31e0431bcde739e65dd35036d0265c0750a7b187d85ba9505f46668a2,KC-067,Banco Inter,https://inter.co/,https://inter.co/,Serviços,2026-10-07T13:58:45.074167600Z,2026-10-07T13:59:24.719274300Z,COMPLETED,0aab632f-f222-4687-a82d-7200bfb4a651,41,37,22,22,0,0,0,39657,38375,1.0-contrast-aa-machado1-rgb-heuristic,16,false,false,48,,,https://inter.co/,153.0.8010.12,1280,720,15000,500
8411729c-fa79-4356-b6f9-bc0972fab79f,17ba95f31e0431bcde739e65dd35036d0265c0750a7b187d85ba9505f46668a2,KC-068,Vivo,https://vivo.com.br/para-voce,https://vivo.com.br/para-voce,Serviços,2026-10-07T13:59:24.989062700Z,2026-10-07T13:59:30.586126200Z,FAILED,c2a6170d-efe0-41e6-b6a4-6e10667ccf35,,,,,,,,5599,5122,,,,,,INACCESSIBLE,Página inacessível ou resposta HTTP de erro.,,,,,,
8411729c-fa79-4356-b6f9-bc0972fab79f,17ba95f31e0431bcde739e65dd35036d0265c0750a7b187d85ba9505f46668a2,KC-069,Claro,https://www.claro.com.br/,https://www.claro.com.br/,Serviços,2026-10-07T13:59:31.002839200Z,2026-10-07T13:59:56.707129800Z,COMPLETED,1f87242e-e038-4a0a-bccd-af686ba51150,98,490,8,8,0,0,0,25702,24208,1.0-contrast-aa-machado1-rgb-heuristic,14,false,false,5,,,https://www.claro.com.br/,153.0.8010.12,1280,720,15000,500
8411729c-fa79-4356-b6f9-bc0972fab79f,17ba95f31e0431bcde739e65dd35036d0265c0750a7b187d85ba9505f46668a2,KC-070,TIM Brasil,https://www.tim.com.br/rj,https://www.tim.com.br/rj,Serviços,2026-10-07T13:59:56.961666400Z,2026-10-07T14:01:05.538459500Z,COMPLETED,8eb79187-50cc-480b-a7bb-8480b51e61f9,98,271,5,5,0,0,0,68575,67237,1.0-contrast-aa-machado1-rgb-heuristic,54,false,false,20,,,https://www.tim.com.br/rj,153.0.8010.12,1280,720,15000,500
8411729c-fa79-4356-b6f9-bc0972fab79f,17ba95f31e0431bcde739e65dd35036d0265c0750a7b187d85ba9505f46668a2,KC-071,LATAM Brasil,https://www.latamairlines.com/br/pt,https://www.latamairlines.com/br/pt,Serviços,2026-10-07T14:01:05.801983700Z,2026-10-07T14:01:10.887906500Z,FAILED,ed90bd6e-d386-494f-9316-e0e868cbd4be,,,,,,,,5083,4596,,,,,,INACCESSIBLE,Página inacessível ou resposta HTTP de erro.,,,,,,
8411729c-fa79-4356-b6f9-bc0972fab79f,17ba95f31e0431bcde739e65dd35036d0265c0750a7b187d85ba9505f46668a2,KC-072,GOL,https://www.voegol.com.br/,https://www.voegol.com.br/,Serviços,2026-10-07T14:01:11.296959100Z,2026-10-07T14:01:13.804132Z,FAILED,f9f65310-f91c-4dea-a107-a61e0346e119,,,,,,,,2506,2025,,,,,,INACCESSIBLE,Página inacessível ou resposta HTTP de erro.,,,,,,
8411729c-fa79-4356-b6f9-bc0972fab79f,17ba95f31e0431bcde739e65dd35036d0265c0750a7b187d85ba9505f46668a2,KC-073,Neoenergia,https://www.neoenergia.com/,https://www.neoenergia.com/,Serviços,2026-10-07T14:01:14.204387400Z,2026-10-07T14:01:16.781220300Z,FAILED,492f2871-a608-4c6a-b2cb-2131aa855ea5,,,,,,,,2576,2100,,,,,,INACCESSIBLE,Página inacessível ou resposta HTTP de erro.,,,,,,
8411729c-fa79-4356-b6f9-bc0972fab79f,17ba95f31e0431bcde739e65dd35036d0265c0750a7b187d85ba9505f46668a2,KC-074,Correios,https://www.correios.com.br/,https://www.correios.com.br/,Serviços,2026-10-07T14:01:17.191510800Z,2026-10-07T14:01:31.687150700Z,COMPLETED,aa3f3773-5436-4fde-b436-5a363427a52b,,0,0,0,0,0,0,14495,13613,1.0-contrast-aa-machado1-rgb-heuristic,0,false,false,7,,,https://www.correios.com.br/,153.0.8010.12,1280,720,15000,500
8411729c-fa79-4356-b6f9-bc0972fab79f,17ba95f31e0431bcde739e65dd35036d0265c0750a7b187d85ba9505f46668a2,KC-075,Localiza,https://www.localiza.com/brasil/pt-br,https://www.localiza.com/brasil/pt-br,Serviços,2026-10-07T14:01:32.109402700Z,2026-10-07T14:01:59.866870500Z,COMPLETED,e813dbf9-c094-4470-bbeb-e815663a698d,98,166,3,3,0,0,0,27756,26543,1.0-contrast-aa-machado1-rgb-heuristic,5,false,false,56,,,https://www.localiza.com/brasil/pt-br,153.0.8010.12,1280,720,15000,500
8411729c-fa79-4356-b6f9-bc0972fab79f,17ba95f31e0431bcde739e65dd35036d0265c0750a7b187d85ba9505f46668a2,KC-076,Movida,https://www.movida.com.br/,https://www.movida.com.br/,Serviços,2026-10-07T14:02:00.113477900Z,2026-10-07T14:02:03.674679600Z,FAILED,527e256c-2628-4615-92e0-f413ce53723e,,,,,,,,3555,3079,,,,,,INACCESSIBLE,Página inacessível ou resposta HTTP de erro.,,,,,,
8411729c-fa79-4356-b6f9-bc0972fab79f,17ba95f31e0431bcde739e65dd35036d0265c0750a7b187d85ba9505f46668a2,KC-077,Sanepar,https://www.sanepar.com.br/,https://www.sanepar.com.br/,Serviços,2026-10-07T14:02:04.079749600Z,2026-10-07T14:02:41.728583600Z,COMPLETED,5faa9cf1-fcfd-4c32-90f2-48df424a7773,67,178,58,58,0,0,0,37648,35650,1.0-contrast-aa-machado1-rgb-heuristic,19,false,false,3,,,https://www.sanepar.com.br/,153.0.8010.12,1280,720,15000,500
8411729c-fa79-4356-b6f9-bc0972fab79f,17ba95f31e0431bcde739e65dd35036d0265c0750a7b187d85ba9505f46668a2,KC-078,Unimed do Brasil,https://www.unimed.coop.br/site/,https://www.unimed.coop.br/site/,Serviços,2026-10-07T14:02:41.995681900Z,2026-10-07T14:03:08.160983900Z,COMPLETED,3987f08a-27f5-43d9-b032-f143caf4e639,87,75,10,10,0,0,0,26159,24763,1.0-contrast-aa-machado1-rgb-heuristic,11,false,false,12,,,https://www.unimed.coop.br/site/,153.0.8010.12,1280,720,15000,500
8411729c-fa79-4356-b6f9-bc0972fab79f,17ba95f31e0431bcde739e65dd35036d0265c0750a7b187d85ba9505f46668a2,KC-079,Serasa,https://www.serasa.com.br/,https://www.serasa.com.br/,Serviços,2026-10-07T14:03:08.565872900Z,2026-10-07T14:03:36.075570900Z,COMPLETED,1fd32438-656c-4213-b012-7de97852954d,96,178,9,8,1,0,0,27514,25229,1.0-contrast-aa-machado1-rgb-heuristic,0,false,false,35,,,https://www.serasa.com.br/,153.0.8010.12,1280,720,15000,500
8411729c-fa79-4356-b6f9-bc0972fab79f,17ba95f31e0431bcde739e65dd35036d0265c0750a7b187d85ba9505f46668a2,KC-080,Conta Azul,https://contaazul.com/,https://contaazul.com/,Serviços,2026-10-07T14:03:36.440090400Z,2026-10-07T14:03:59.751651900Z,COMPLETED,4f765d08-5fd1-451e-8ccf-82c15849b82a,,0,0,0,0,0,0,23312,21905,1.0-contrast-aa-machado1-rgb-heuristic,277,false,false,0,,,https://contaazul.com/,153.0.8010.12,1280,720,15000,500
8411729c-fa79-4356-b6f9-bc0972fab79f,17ba95f31e0431bcde739e65dd35036d0265c0750a7b187d85ba9505f46668a2,KC-081,Petrobras,https://petrobras.com.br/,https://petrobras.com.br/,Empresas e instituições,2026-10-07T14:04:00.091556600Z,2026-10-07T14:04:21.404441300Z,FAILED,4201d066-ec2a-4a1e-8274-aaf982e09d5e,,,,,,,,21313,20835,,,,,,TIMEOUT,O carregamento da página excedeu o tempo limite.,,,,,,
8411729c-fa79-4356-b6f9-bc0972fab79f,17ba95f31e0431bcde739e65dd35036d0265c0750a7b187d85ba9505f46668a2,KC-082,Vale,https://vale.com/pt,https://vale.com/pt,Empresas e instituições,2026-10-07T14:04:21.887761100Z,2026-10-07T14:04:25.027083600Z,FAILED,14f95238-38ec-4f74-a350-930024ad623b,,,,,,,,3136,2661,,,,,,INACCESSIBLE,Página inacessível ou resposta HTTP de erro.,,,,,,
8411729c-fa79-4356-b6f9-bc0972fab79f,17ba95f31e0431bcde739e65dd35036d0265c0750a7b187d85ba9505f46668a2,KC-083,Embraer,https://www.embraer.com/pt/,https://www.embraer.com/pt/,Empresas e instituições,2026-10-07T14:04:25.505043100Z,2026-10-07T14:05:00.239227200Z,COMPLETED,fc7e8913-170b-4355-8452-ad206b23033d,91,130,12,12,0,0,0,34734,32942,1.0-contrast-aa-machado1-rgb-heuristic,0,false,false,12,,,https://www.embraer.com/pt/,153.0.8010.12,1280,720,15000,500
8411729c-fa79-4356-b6f9-bc0972fab79f,17ba95f31e0431bcde739e65dd35036d0265c0750a7b187d85ba9505f46668a2,KC-084,BNDES,https://www.bndes.gov.br/wps/portal/site/home,https://www.bndes.gov.br/wps/portal/site/home,Empresas e instituições,2026-10-07T14:05:00.570311100Z,2026-10-07T14:05:18.804796600Z,FAILED,95a6bad5-d9e4-44dc-ad56-40d55a9a9996,,,,,,,,18239,17756,,,,,,TIMEOUT,O carregamento da página excedeu o tempo limite.,,,,,,
8411729c-fa79-4356-b6f9-bc0972fab79f,17ba95f31e0431bcde739e65dd35036d0265c0750a7b187d85ba9505f46668a2,KC-085,Randoncorp,https://www.randoncorp.com/pt/,https://www.randoncorp.com/pt/,Empresas e instituições,2026-10-07T14:05:19.274780100Z,2026-10-07T14:05:22.118333500Z,FAILED,e8354a14-f998-42c7-9efb-93ba3b0f9a18,,,,,,,,2834,2355,,,,,,INACCESSIBLE,Página inacessível ou resposta HTTP de erro.,,,,,,
8411729c-fa79-4356-b6f9-bc0972fab79f,17ba95f31e0431bcde739e65dd35036d0265c0750a7b187d85ba9505f46668a2,KC-086,Suzano,https://www.suzano.com.br/,https://www.suzano.com.br/,Empresas e instituições,2026-10-07T14:05:22.597215800Z,2026-10-07T14:05:42.021576500Z,COMPLETED,acaab8fc-f06a-46fb-b966-7a34bad1557d,88,88,11,11,0,0,0,19424,17828,1.0-contrast-aa-machado1-rgb-heuristic,38,false,false,4,,,https://www.suzano.com.br/,153.0.8010.12,1280,720,15000,500
8411729c-fa79-4356-b6f9-bc0972fab79f,17ba95f31e0431bcde739e65dd35036d0265c0750a7b187d85ba9505f46668a2,KC-087,Klabin,https://klabin.com.br/,https://klabin.com.br/,Empresas e instituições,2026-10-07T14:05:42.373977100Z,2026-10-07T14:06:17.519224200Z,COMPLETED,a90e0317-2d9e-4731-9531-f231a90a998a,62,129,50,49,1,0,0,35149,33078,1.0-contrast-aa-machado1-rgb-heuristic,23,false,false,25,,,https://klabin.com.br/,153.0.8010.12,1280,720,15000,500
8411729c-fa79-4356-b6f9-bc0972fab79f,17ba95f31e0431bcde739e65dd35036d0265c0750a7b187d85ba9505f46668a2,KC-088,JBS,https://jbs.com.br/,https://jbs.com.br/,Empresas e instituições,2026-10-07T14:06:17.870521200Z,2026-10-07T14:06:20.879153400Z,FAILED,b4c7f95e-b5fa-44b2-8edb-9cb9cd3b85ef,,,,,,,,3006,2513,,,,,,BLOCKED,Redirecionamento HTTP bloqueado nesta versão. Informe a URL final diretamente.,,,,,,
8411729c-fa79-4356-b6f9-bc0972fab79f,17ba95f31e0431bcde739e65dd35036d0265c0750a7b187d85ba9505f46668a2,KC-089,Tupy,https://www.tupy.com.br/,https://www.tupy.com.br/,Empresas e instituições,2026-10-07T14:06:21.416058200Z,2026-10-07T14:06:43.309030900Z,COMPLETED,3f7a308c-eb29-46d3-9c36-c3136ffe20c9,84,73,12,12,0,0,0,21892,20667,1.0-contrast-aa-machado1-rgb-heuristic,13,false,false,4,,,https://www.tupy.com.br/,153.0.8010.12,1280,720,15000,500
8411729c-fa79-4356-b6f9-bc0972fab79f,17ba95f31e0431bcde739e65dd35036d0265c0750a7b187d85ba9505f46668a2,KC-090,Votorantim,https://www.votorantim.com.br/,https://www.votorantim.com.br/,Empresas e instituições,2026-10-07T14:06:43.647705600Z,2026-10-07T14:07:03.913249300Z,COMPLETED,a4bf7053-ff1a-4627-ae93-c6f5bc97498a,87,86,11,11,0,0,0,20271,19077,1.0-contrast-aa-machado1-rgb-heuristic,19,false,false,6,,,https://www.votorantim.com.br/,153.0.8010.12,1280,720,15000,500
8411729c-fa79-4356-b6f9-bc0972fab79f,17ba95f31e0431bcde739e65dd35036d0265c0750a7b187d85ba9505f46668a2,KC-091,TOTVS,https://www.totvs.com/,https://www.totvs.com/,Empresas e instituições,2026-10-07T14:07:04.255757200Z,2026-10-07T14:07:21.665518100Z,COMPLETED,41147e5d-6bac-467d-9cfa-0505cd4c9bca,81,131,25,25,0,0,0,17409,15952,1.0-contrast-aa-machado1-rgb-heuristic,3,false,false,2,,,https://www.totvs.com/,153.0.8010.12,1280,720,15000,500
8411729c-fa79-4356-b6f9-bc0972fab79f,17ba95f31e0431bcde739e65dd35036d0265c0750a7b187d85ba9505f46668a2,KC-092,Stefanini,https://pages.stefanini.com/pt-br,https://pages.stefanini.com/pt-br,Empresas e instituições,2026-10-07T14:07:21.923942100Z,2026-10-07T14:07:44.622696500Z,COMPLETED,f128793a-b55e-475b-9a0b-8a956ab8d643,41,80,47,47,0,0,0,22704,21057,1.0-contrast-aa-machado1-rgb-heuristic,46,false,false,13,,,https://pages.stefanini.com/pt-br,153.0.8010.12,1280,720,15000,500
8411729c-fa79-4356-b6f9-bc0972fab79f,17ba95f31e0431bcde739e65dd35036d0265c0750a7b187d85ba9505f46668a2,KC-093,Bosch Brasil,https://www.bosch.com.br/,https://www.bosch.com.br/,Empresas e instituições,2026-10-07T14:07:44.886657300Z,2026-10-07T14:08:15.834412900Z,COMPLETED,ce0dfee8-9203-4f24-987e-6867bd85407e,100,80,0,0,0,0,0,30941,30000,1.0-contrast-aa-machado1-rgb-heuristic,0,false,false,0,,,https://www.bosch.com.br/,153.0.8010.12,1280,720,15000,500
8411729c-fa79-4356-b6f9-bc0972fab79f,17ba95f31e0431bcde739e65dd35036d0265c0750a7b187d85ba9505f46668a2,KC-094,Siemens Brasil,https://www.siemens.com/pt-br/,https://www.siemens.com/pt-br/,Empresas e instituições,2026-10-07T14:08:16.169547500Z,2026-10-07T14:08:20.367298900Z,FAILED,e8f71a87-f7f3-4bcb-9f9a-2ae050a676c6,,,,,,,,4199,3730,,,,,,INACCESSIBLE,Página inacessível ou resposta HTTP de erro.,,,,,,
8411729c-fa79-4356-b6f9-bc0972fab79f,17ba95f31e0431bcde739e65dd35036d0265c0750a7b187d85ba9505f46668a2,KC-095,IBGE,https://www.ibge.gov.br/,https://www.ibge.gov.br/,Empresas e instituições,2026-10-07T14:08:20.850555800Z,2026-10-07T14:08:40.754155100Z,COMPLETED,3f9c1e4f-893b-483f-81f1-d1615b2613d3,93,180,12,12,0,0,0,19904,18617,1.0-contrast-aa-machado1-rgb-heuristic,16,false,false,3,,,https://www.ibge.gov.br/,153.0.8010.12,1280,720,15000,500
8411729c-fa79-4356-b6f9-bc0972fab79f,17ba95f31e0431bcde739e65dd35036d0265c0750a7b187d85ba9505f46668a2,KC-096,INPE,https://www.gov.br/inpe/pt-br,https://www.gov.br/inpe/pt-br,Empresas e instituições,2026-10-07T14:08:41.017425300Z,2026-10-07T14:08:58.811253Z,COMPLETED,19df587c-551c-4db3-bd88-da0f015fe174,100,158,0,0,0,0,0,17798,16749,1.0-contrast-aa-machado1-rgb-heuristic,6,false,false,1,,,https://www.gov.br/inpe/pt-br,153.0.8010.12,1280,720,15000,500
8411729c-fa79-4356-b6f9-bc0972fab79f,17ba95f31e0431bcde739e65dd35036d0265c0750a7b187d85ba9505f46668a2,KC-097,INPA,https://www.gov.br/inpa/pt-br,https://www.gov.br/inpa/pt-br,Empresas e instituições,2026-10-07T14:08:59.072808500Z,2026-10-07T14:09:20.056241900Z,COMPLETED,8c6c0b10-7653-4c77-a7fa-d6037b0e847a,99,216,2,2,0,0,0,20980,19771,1.0-contrast-aa-machado1-rgb-heuristic,15,false,false,5,,,https://www.gov.br/inpa/pt-br,153.0.8010.12,1280,720,15000,500
8411729c-fa79-4356-b6f9-bc0972fab79f,17ba95f31e0431bcde739e65dd35036d0265c0750a7b187d85ba9505f46668a2,KC-098,Embrapa,https://www.embrapa.br/,https://www.embrapa.br/,Empresas e instituições,2026-10-07T14:09:20.346832500Z,2026-10-07T14:09:38.171893400Z,FAILED,ab9af877-753e-4ebd-95a9-7f1e9c71d753,,,,,,,,17833,17293,,,,,,TIMEOUT,O carregamento da página excedeu o tempo limite.,,,,,,
8411729c-fa79-4356-b6f9-bc0972fab79f,17ba95f31e0431bcde739e65dd35036d0265c0750a7b187d85ba9505f46668a2,KC-099,Instituto Butantan,https://butantan.gov.br/,https://butantan.gov.br/,Empresas e instituições,2026-10-07T14:09:38.719689900Z,2026-10-07T14:09:41.735285700Z,FAILED,5449682f-7f2b-497a-8115-15051d7fa634,,,,,,,,3017,2555,,,,,,INACCESSIBLE,Página inacessível ou resposta HTTP de erro.,,,,,,
8411729c-fa79-4356-b6f9-bc0972fab79f,17ba95f31e0431bcde739e65dd35036d0265c0750a7b187d85ba9505f46668a2,KC-100,WWF-Brasil,https://www.wwf.org.br/,https://www.wwf.org.br/,Empresas e instituições,2026-10-07T14:09:42.220348800Z,2026-10-07T14:10:22.885010100Z,COMPLETED,008ca991-50df-4ef4-8e68-cb18314f135a,35,167,108,108,0,0,0,40666,38390,1.0-contrast-aa-machado1-rgb-heuristic,14,false,false,4,,,https://www.wwf.org.br/,153.0.8010.12,1280,720,15000,500
