id,site,url_original,error_code,duracao_linha_ms,analysis_id,classificacao_principal,grau_evidencia,evidencia_observavel,indicio_complementar,http_anterior,url_final_anterior,artefato
KC-001,Magazine Luiza,https://www.magazineluiza.com.br/,INACCESSIBLE,12183,4b5fc3c7-9b8a-4046-97bb-c2bec281de9e,inconclusiva,Causa raiz não preservada,Página inacessível ou resposta HTTP de erro. O texto corresponde ao ramo response nula ou HTTP >= 400; status/headers não foram gravados.,"Negação HTTP 403 na verificação anterior à coleta; indício de bloqueio/proteção, não prova do status experimental.",403,https://www.magazineluiza.com.br/,../results/experimental-study-2026-10-07/raw/4b5fc3c7-9b8a-4046-97bb-c2bec281de9e-analysis.json
KC-003,Americanas,https://www.americanas.com.br/,LIMIT_EXCEEDED,11415,be0cc785-17cd-4dfa-be3d-88269d0920e2,limitação conhecida da V1,Comprovada pelo código e mensagem,A página excede o limite de altura da screenshot. Limite de altura de 12000 px; altura efetiva não persistida.,,200,https://www.americanas.com.br/,../results/experimental-study-2026-10-07/raw/be0cc785-17cd-4dfa-be3d-88269d0920e2-analysis.json
KC-004,TerabyteShop,https://www.terabyteshop.com.br/,INACCESSIBLE,2898,a9af4f22-852e-408a-93fe-b7a8c6ba9b88,inconclusiva,Causa raiz não preservada,Página inacessível ou resposta HTTP de erro. O texto corresponde ao ramo response nula ou HTTP >= 400; status/headers não foram gravados.,"Negação HTTP 403 na verificação anterior à coleta; indício de bloqueio/proteção, não prova do status experimental.",403,https://www.terabyteshop.com.br/,../results/experimental-study-2026-10-07/raw/a9af4f22-852e-408a-93fe-b7a8c6ba9b88-analysis.json
KC-005,Tramontina Store,https://www.tramontina.com.br/,TIMEOUT,19011,8c314465-fc68-49f5-9b5f-f1df6e3ea0a0,inconclusiva,Causa raiz não preservada,"O carregamento da página excedeu o tempo limite. Timeout configurado de 15000 ms por operação; estágio, recurso pendente e exceção original ausentes.",,200,https://www.tramontina.com.br/,../results/experimental-study-2026-10-07/raw/8c314465-fc68-49f5-9b5f-f1df6e3ea0a0-analysis.json
KC-006,Natura,https://www.natura.com.br/,BROWSER,8623,1d040bec-747f-4d80-9a3b-fe0382581794,possível bug do scanner,Screenshot comprova etapa alcançada; causa raiz inconclusiva,"Não foi possível abrir a página. Verifique a instalação do Chromium e a conectividade. PNG original da Natura existe e exibe a página. Falha depois de store.write, antes de devolver captura à AnalysisService, possivelmente em page.url ou fechamento de recursos; sem stack trace.",,,,../results/experimental-study-2026-10-07/raw/1d040bec-747f-4d80-9a3b-fe0382581794-analysis.json
KC-007,Leroy Merlin Brasil,https://www.leroymerlin.com.br/,INACCESSIBLE,3912,30b1c2b1-3d93-4b8f-a001-686426560913,inconclusiva,Causa raiz não preservada,Página inacessível ou resposta HTTP de erro. O texto corresponde ao ramo response nula ou HTTP >= 400; status/headers não foram gravados.,"Negação HTTP 403 na verificação anterior à coleta; indício de bloqueio/proteção, não prova do status experimental.",403,https://www.leroymerlin.com.br/,../results/experimental-study-2026-10-07/raw/30b1c2b1-3d93-4b8f-a001-686426560913-analysis.json
KC-011,Centauro,https://www.centauro.com.br/,INACCESSIBLE,2120,3fb2c72b-083c-4dba-a883-7c5bd86e207d,inconclusiva,Causa raiz não preservada,Página inacessível ou resposta HTTP de erro. O texto corresponde ao ramo response nula ou HTTP >= 400; status/headers não foram gravados.,"Negação HTTP 403 na verificação anterior à coleta; indício de bloqueio/proteção, não prova do status experimental.",403,https://www.centauro.com.br/,../results/experimental-study-2026-10-07/raw/3fb2c72b-083c-4dba-a883-7c5bd86e207d-analysis.json
KC-013,C&A Brasil,https://www.cea.com.br/,LIMIT_EXCEEDED,14743,a1862cc2-24ba-44a1-b406-2720eb377f48,limitação conhecida da V1,Comprovada pelo código e mensagem,A página excede o limite de altura da screenshot. Limite de altura de 12000 px; altura efetiva não persistida.,,200,https://www.cea.com.br/,../results/experimental-study-2026-10-07/raw/a1862cc2-24ba-44a1-b406-2720eb377f48-analysis.json
KC-016,Drogaria Araujo,https://www.araujo.com.br/,INACCESSIBLE,2420,607516f1-5f4c-46c0-bdb8-8d5645ba08d6,inconclusiva,Causa raiz não preservada,Página inacessível ou resposta HTTP de erro. O texto corresponde ao ramo response nula ou HTTP >= 400; status/headers não foram gravados.,"Negação HTTP 403 na verificação anterior à coleta; indício de bloqueio/proteção, não prova do status experimental.",403,https://www.araujo.com.br/,../results/experimental-study-2026-10-07/raw/607516f1-5f4c-46c0-bdb8-8d5645ba08d6-analysis.json
KC-017,Panvel,https://www.panvel.com/,INACCESSIBLE,2668,f14be9d0-bd36-4093-b953-9b251fee6cb7,inconclusiva,Causa raiz não preservada,Página inacessível ou resposta HTTP de erro. O texto corresponde ao ramo response nula ou HTTP >= 400; status/headers não foram gravados.,"Negação HTTP 403 na verificação anterior à coleta; indício de bloqueio/proteção, não prova do status experimental.",403,https://www.panvel.com/,../results/experimental-study-2026-10-07/raw/f14be9d0-bd36-4093-b953-9b251fee6cb7-analysis.json
KC-020,Wine,https://www.wine.com.br/,TIMEOUT,26339,9e3ae4b0-4ce3-4054-a527-46ed0f92ea46,inconclusiva,Causa raiz não preservada,"O carregamento da página excedeu o tempo limite. Timeout configurado de 15000 ms por operação; estágio, recurso pendente e exceção original ausentes.",,200,https://www.wine.com.br/,../results/experimental-study-2026-10-07/raw/9e3ae4b0-4ce3-4054-a527-46ed0f92ea46-analysis.json
KC-021,Universidade de São Paulo,https://www5.usp.br/,INACCESSIBLE,2472,6c89e053-6538-4f3d-b82c-c0f379708c1b,inconclusiva,Causa raiz não preservada,Página inacessível ou resposta HTTP de erro. O texto corresponde ao ramo response nula ou HTTP >= 400; status/headers não foram gravados.,,200,https://www5.usp.br/,../results/experimental-study-2026-10-07/raw/6c89e053-6538-4f3d-b82c-c0f379708c1b-analysis.json
KC-025,Universidade Federal do Rio Grande do Sul,https://www.ufrgs.br/,BLOCKED,2510,bf703def-a659-4dfa-9d3f-e72e10e99aae,limitação conhecida da V1,Comprovada pelo código e mensagem,Redirecionamento HTTP bloqueado nesta versão. Informe a URL final diretamente. route.fetch(maxRedirects=0) rejeita HTTP 3xx; Location experimental não persistido.,,200,https://www.ufrgs.br/site/,../results/experimental-study-2026-10-07/raw/bf703def-a659-4dfa-9d3f-e72e10e99aae-analysis.json
KC-026,Universidade Federal da Bahia,https://ufba.br/,TIMEOUT,20369,0aa64a55-245a-471e-91ae-e247e70b304d,inconclusiva,Causa raiz não preservada,"O carregamento da página excedeu o tempo limite. Timeout configurado de 15000 ms por operação; estágio, recurso pendente e exceção original ausentes.",,200,https://ufba.br/,../results/experimental-study-2026-10-07/raw/0aa64a55-245a-471e-91ae-e247e70b304d-analysis.json
KC-028,Universidade Federal do Ceará,https://www.ufc.br/pt,TIMEOUT,22128,b3a99962-ddc2-4da8-ac1a-b6f847b96b26,inconclusiva,Causa raiz não preservada,"O carregamento da página excedeu o tempo limite. Timeout configurado de 15000 ms por operação; estágio, recurso pendente e exceção original ausentes.",,200,https://www.ufc.br/pt,../results/experimental-study-2026-10-07/raw/b3a99962-ddc2-4da8-ac1a-b6f847b96b26-analysis.json
KC-029,Universidade Federal do Pará,https://ufpa.br/,TIMEOUT,19780,79a452e8-ef21-454f-9706-5bd199982405,inconclusiva,Causa raiz não preservada,"O carregamento da página excedeu o tempo limite. Timeout configurado de 15000 ms por operação; estágio, recurso pendente e exceção original ausentes.",,200,https://ufpa.br/,../results/experimental-study-2026-10-07/raw/79a452e8-ef21-454f-9706-5bd199982405-analysis.json
KC-032,Universidade Presbiteriana Mackenzie,https://www.mackenzie.br/,TIMEOUT,21970,435995aa-09e3-4e87-9e70-6caa2bf3547c,inconclusiva,Causa raiz não preservada,"O carregamento da página excedeu o tempo limite. Timeout configurado de 15000 ms por operação; estágio, recurso pendente e exceção original ausentes.",,200,https://www.mackenzie.br/,../results/experimental-study-2026-10-07/raw/435995aa-09e3-4e87-9e70-6caa2bf3547c-analysis.json
KC-034,Universidade Cruzeiro do Sul,https://www.cruzeirodosul.edu.br/,INACCESSIBLE,3640,741d8e36-a799-41e7-a2c0-a7ae43506ec3,inconclusiva,Causa raiz não preservada,Página inacessível ou resposta HTTP de erro. O texto corresponde ao ramo response nula ou HTTP >= 400; status/headers não foram gravados.,,,,../results/experimental-study-2026-10-07/raw/741d8e36-a799-41e7-a2c0-a7ae43506ec3-analysis.json
KC-035,ESPM,https://www.espm.br/,TIMEOUT,18955,30d88436-f92b-4612-8be8-bf11da99450f,inconclusiva,Causa raiz não preservada,"O carregamento da página excedeu o tempo limite. Timeout configurado de 15000 ms por operação; estágio, recurso pendente e exceção original ausentes.",,403,https://www.espm.br/,../results/experimental-study-2026-10-07/raw/30d88436-f92b-4612-8be8-bf11da99450f-analysis.json
KC-040,Senac São Paulo,https://www.sp.senac.br/,INACCESSIBLE,2276,1c03ee8e-facd-4a62-abfb-a509fce05556,inconclusiva,Causa raiz não preservada,Página inacessível ou resposta HTTP de erro. O texto corresponde ao ramo response nula ou HTTP >= 400; status/headers não foram gravados.,,200,https://www.sp.senac.br/,../results/experimental-study-2026-10-07/raw/1c03ee8e-facd-4a62-abfb-a509fce05556-analysis.json
KC-041,g1,https://g1.globo.com/,TIMEOUT,40373,b4f65473-279d-462b-923a-872b29ddebd6,inconclusiva,Causa raiz não preservada,"O carregamento da página excedeu o tempo limite. Timeout configurado de 15000 ms por operação; estágio, recurso pendente e exceção original ausentes.",,200,https://g1.globo.com/,../results/experimental-study-2026-10-07/raw/b4f65473-279d-462b-923a-872b29ddebd6-analysis.json
KC-042,Folha de S.Paulo,https://www.folha.uol.com.br/,LIMIT_EXCEEDED,16498,b5d71b8f-259c-4a17-9fc3-05bca9f958f9,limitação conhecida da V1,Comprovada pelo código e mensagem,A página excede o limite de altura da screenshot. Limite de altura de 12000 px; altura efetiva não persistida.,,200,https://www.folha.uol.com.br/,../results/experimental-study-2026-10-07/raw/b5d71b8f-259c-4a17-9fc3-05bca9f958f9-analysis.json
KC-043,Estadão,https://www.estadao.com.br/,TIMEOUT,20674,2e4bb4b3-6536-48d6-ba3d-9209555acdf5,inconclusiva,Causa raiz não preservada,"O carregamento da página excedeu o tempo limite. Timeout configurado de 15000 ms por operação; estágio, recurso pendente e exceção original ausentes.",,200,https://www.estadao.com.br/,../results/experimental-study-2026-10-07/raw/2e4bb4b3-6536-48d6-ba3d-9209555acdf5-analysis.json
KC-047,O TEMPO,https://www.otempo.com.br/,TIMEOUT,23344,31de9281-e4de-4512-9e6f-87b9228f1c3c,inconclusiva,Causa raiz não preservada,"O carregamento da página excedeu o tempo limite. Timeout configurado de 15000 ms por operação; estágio, recurso pendente e exceção original ausentes.",,,,../results/experimental-study-2026-10-07/raw/31de9281-e4de-4512-9e6f-87b9228f1c3c-analysis.json
KC-048,Agência Pública,https://apublica.org/,TIMEOUT,21510,e66e8f41-116a-43ad-b174-2f3c486f9263,inconclusiva,Causa raiz não preservada,"O carregamento da página excedeu o tempo limite. Timeout configurado de 15000 ms por operação; estágio, recurso pendente e exceção original ausentes.",,200,https://apublica.org/,../results/experimental-study-2026-10-07/raw/e66e8f41-116a-43ad-b174-2f3c486f9263-analysis.json
KC-051,Poder360,https://www.poder360.com.br/,TIMEOUT,32364,627bb654-b153-494d-86fc-2419cc3a94f0,inconclusiva,Causa raiz não preservada,"O carregamento da página excedeu o tempo limite. Timeout configurado de 15000 ms por operação; estágio, recurso pendente e exceção original ausentes.",,200,https://www.poder360.com.br/,../results/experimental-study-2026-10-07/raw/627bb654-b153-494d-86fc-2419cc3a94f0-analysis.json
KC-052,Jornal Opção,https://www.jornalopcao.com.br/,INACCESSIBLE,3173,79bbf897-e654-4632-8dd3-c988dbc174c8,inconclusiva,Causa raiz não preservada,Página inacessível ou resposta HTTP de erro. O texto corresponde ao ramo response nula ou HTTP >= 400; status/headers não foram gravados.,,,,../results/experimental-study-2026-10-07/raw/79bbf897-e654-4632-8dd3-c988dbc174c8-analysis.json
KC-053,Intercept Brasil,https://www.intercept.com.br/,INACCESSIBLE,3165,dfad1bb8-e27a-48af-b31e-31f8daf8607e,inconclusiva,Causa raiz não preservada,Página inacessível ou resposta HTTP de erro. O texto corresponde ao ramo response nula ou HTTP >= 400; status/headers não foram gravados.,"Negação HTTP 403 na verificação anterior à coleta; indício de bloqueio/proteção, não prova do status experimental.",403,https://www.intercept.com.br/,../results/experimental-study-2026-10-07/raw/dfad1bb8-e27a-48af-b31e-31f8daf8607e-analysis.json
KC-055,CartaCapital,https://www.cartacapital.com.br/,LIMIT_EXCEEDED,7334,b7f40012-33aa-4c1f-ac15-94a0da56ce49,limitação conhecida da V1,Comprovada pelo código e mensagem,A página excede o limite de altura da screenshot. Limite de altura de 12000 px; altura efetiva não persistida.,,200,https://www.cartacapital.com.br/,../results/experimental-study-2026-10-07/raw/b7f40012-33aa-4c1f-ac15-94a0da56ce49-analysis.json
KC-056,Jornal do Comércio (RS),https://www.jornaldocomercio.com/,TIMEOUT,17813,3c916916-52d2-4677-b00d-2b69aa9a13b2,inconclusiva,Causa raiz não preservada,"O carregamento da página excedeu o tempo limite. Timeout configurado de 15000 ms por operação; estágio, recurso pendente e exceção original ausentes.",,200,https://www.jornaldocomercio.com/,../results/experimental-study-2026-10-07/raw/3c916916-52d2-4677-b00d-2b69aa9a13b2-analysis.json
KC-058,Opera Mundi,https://operamundi.uol.com.br/,TIMEOUT,31675,1dbcdab4-d3d6-4cfb-a7f3-d47d6d629ba7,inconclusiva,Causa raiz não preservada,"O carregamento da página excedeu o tempo limite. Timeout configurado de 15000 ms por operação; estágio, recurso pendente e exceção original ausentes.",,200,https://operamundi.uol.com.br/,../results/experimental-study-2026-10-07/raw/1dbcdab4-d3d6-4cfb-a7f3-d47d6d629ba7-analysis.json
KC-060,Correio Braziliense,https://www.correiobraziliense.com.br/,TIMEOUT,22479,1f41da4f-4913-4630-adf6-718844437335,inconclusiva,Causa raiz não preservada,"O carregamento da página excedeu o tempo limite. Timeout configurado de 15000 ms por operação; estágio, recurso pendente e exceção original ausentes.",,200,https://www.correiobraziliense.com.br/,../results/experimental-study-2026-10-07/raw/1f41da4f-4913-4630-adf6-718844437335-analysis.json
KC-063,Itaú,https://www.itau.com.br/,INACCESSIBLE,5607,3fc0e6cb-abd6-46f5-97eb-7779e405d4c0,inconclusiva,Causa raiz não preservada,Página inacessível ou resposta HTTP de erro. O texto corresponde ao ramo response nula ou HTTP >= 400; status/headers não foram gravados.,"Negação HTTP 403 na verificação anterior à coleta; indício de bloqueio/proteção, não prova do status experimental.",403,https://www.itau.com.br/,../results/experimental-study-2026-10-07/raw/3fc0e6cb-abd6-46f5-97eb-7779e405d4c0-analysis.json
KC-065,Santander Brasil,https://www.santander.com.br/,INACCESSIBLE,2503,f37c4fcf-7d0e-42cd-8ce7-ccc68efd901a,inconclusiva,Causa raiz não preservada,Página inacessível ou resposta HTTP de erro. O texto corresponde ao ramo response nula ou HTTP >= 400; status/headers não foram gravados.,"Negação HTTP 403 na verificação anterior à coleta; indício de bloqueio/proteção, não prova do status experimental.",403,https://www.santander.com.br/,../results/experimental-study-2026-10-07/raw/f37c4fcf-7d0e-42cd-8ce7-ccc68efd901a-analysis.json
KC-068,Vivo,https://vivo.com.br/para-voce,INACCESSIBLE,5599,c2a6170d-efe0-41e6-b6a4-6e10667ccf35,inconclusiva,Causa raiz não preservada,Página inacessível ou resposta HTTP de erro. O texto corresponde ao ramo response nula ou HTTP >= 400; status/headers não foram gravados.,"Negação HTTP 403 na verificação anterior à coleta; indício de bloqueio/proteção, não prova do status experimental.",403,https://vivo.com.br/para-voce,../results/experimental-study-2026-10-07/raw/c2a6170d-efe0-41e6-b6a4-6e10667ccf35-analysis.json
KC-071,LATAM Brasil,https://www.latamairlines.com/br/pt,INACCESSIBLE,5083,ed90bd6e-d386-494f-9316-e0e868cbd4be,inconclusiva,Causa raiz não preservada,Página inacessível ou resposta HTTP de erro. O texto corresponde ao ramo response nula ou HTTP >= 400; status/headers não foram gravados.,,,,../results/experimental-study-2026-10-07/raw/ed90bd6e-d386-494f-9316-e0e868cbd4be-analysis.json
KC-072,GOL,https://www.voegol.com.br/,INACCESSIBLE,2506,f9f65310-f91c-4dea-a107-a61e0346e119,inconclusiva,Causa raiz não preservada,Página inacessível ou resposta HTTP de erro. O texto corresponde ao ramo response nula ou HTTP >= 400; status/headers não foram gravados.,,200,https://www.voegol.com.br/,../results/experimental-study-2026-10-07/raw/f9f65310-f91c-4dea-a107-a61e0346e119-analysis.json
KC-073,Neoenergia,https://www.neoenergia.com/,INACCESSIBLE,2576,492f2871-a608-4c6a-b2cb-2131aa855ea5,inconclusiva,Causa raiz não preservada,Página inacessível ou resposta HTTP de erro. O texto corresponde ao ramo response nula ou HTTP >= 400; status/headers não foram gravados.,,,,../results/experimental-study-2026-10-07/raw/492f2871-a608-4c6a-b2cb-2131aa855ea5-analysis.json
KC-076,Movida,https://www.movida.com.br/,INACCESSIBLE,3555,527e256c-2628-4615-92e0-f413ce53723e,inconclusiva,Causa raiz não preservada,Página inacessível ou resposta HTTP de erro. O texto corresponde ao ramo response nula ou HTTP >= 400; status/headers não foram gravados.,"Negação HTTP 403 na verificação anterior à coleta; indício de bloqueio/proteção, não prova do status experimental.",403,https://www.movida.com.br/,../results/experimental-study-2026-10-07/raw/527e256c-2628-4615-92e0-f413ce53723e-analysis.json
KC-081,Petrobras,https://petrobras.com.br/,TIMEOUT,21313,4201d066-ec2a-4a1e-8274-aaf982e09d5e,inconclusiva,Causa raiz não preservada,"O carregamento da página excedeu o tempo limite. Timeout configurado de 15000 ms por operação; estágio, recurso pendente e exceção original ausentes.",,200,https://petrobras.com.br/,../results/experimental-study-2026-10-07/raw/4201d066-ec2a-4a1e-8274-aaf982e09d5e-analysis.json
KC-082,Vale,https://vale.com/pt,INACCESSIBLE,3136,14f95238-38ec-4f74-a350-930024ad623b,inconclusiva,Causa raiz não preservada,Página inacessível ou resposta HTTP de erro. O texto corresponde ao ramo response nula ou HTTP >= 400; status/headers não foram gravados.,,200,https://vale.com/pt,../results/experimental-study-2026-10-07/raw/14f95238-38ec-4f74-a350-930024ad623b-analysis.json
KC-084,BNDES,https://www.bndes.gov.br/wps/portal/site/home,TIMEOUT,18239,95a6bad5-d9e4-44dc-ad56-40d55a9a9996,inconclusiva,Causa raiz não preservada,"O carregamento da página excedeu o tempo limite. Timeout configurado de 15000 ms por operação; estágio, recurso pendente e exceção original ausentes.",,,,../results/experimental-study-2026-10-07/raw/95a6bad5-d9e4-44dc-ad56-40d55a9a9996-analysis.json
KC-085,Randoncorp,https://www.randoncorp.com/pt/,INACCESSIBLE,2834,e8354a14-f998-42c7-9efb-93ba3b0f9a18,inconclusiva,Causa raiz não preservada,Página inacessível ou resposta HTTP de erro. O texto corresponde ao ramo response nula ou HTTP >= 400; status/headers não foram gravados.,,,,../results/experimental-study-2026-10-07/raw/e8354a14-f998-42c7-9efb-93ba3b0f9a18-analysis.json
KC-088,JBS,https://jbs.com.br/,BLOCKED,3006,b4c7f95e-b5fa-44b2-8edb-9cb9cd3b85ef,limitação conhecida da V1,Comprovada pelo código e mensagem,Redirecionamento HTTP bloqueado nesta versão. Informe a URL final diretamente. route.fetch(maxRedirects=0) rejeita HTTP 3xx; Location experimental não persistido.,,200,https://www.jbs.com.br:443/,../results/experimental-study-2026-10-07/raw/b4c7f95e-b5fa-44b2-8edb-9cb9cd3b85ef-analysis.json
KC-094,Siemens Brasil,https://www.siemens.com/pt-br/,INACCESSIBLE,4199,e8f71a87-f7f3-4bcb-9f9a-2ae050a676c6,inconclusiva,Causa raiz não preservada,Página inacessível ou resposta HTTP de erro. O texto corresponde ao ramo response nula ou HTTP >= 400; status/headers não foram gravados.,,200,https://www.siemens.com/pt-br/,../results/experimental-study-2026-10-07/raw/e8f71a87-f7f3-4bcb-9f9a-2ae050a676c6-analysis.json
KC-098,Embrapa,https://www.embrapa.br/,TIMEOUT,17833,ab9af877-753e-4ebd-95a9-7f1e9c71d753,inconclusiva,Causa raiz não preservada,"O carregamento da página excedeu o tempo limite. Timeout configurado de 15000 ms por operação; estágio, recurso pendente e exceção original ausentes.",,200,https://www.embrapa.br/,../results/experimental-study-2026-10-07/raw/ab9af877-753e-4ebd-95a9-7f1e9c71d753-analysis.json
KC-099,Instituto Butantan,https://butantan.gov.br/,INACCESSIBLE,3017,5449682f-7f2b-497a-8115-15051d7fa634,inconclusiva,Causa raiz não preservada,Página inacessível ou resposta HTTP de erro. O texto corresponde ao ramo response nula ou HTTP >= 400; status/headers não foram gravados.,"Negação HTTP 403 na verificação anterior à coleta; indício de bloqueio/proteção, não prova do status experimental.",403,https://butantan.gov.br/,../results/experimental-study-2026-10-07/raw/5449682f-7f2b-497a-8115-15051d7fa634-analysis.json
